"Date","Make","Quantity","Pct"
2007-01,Toyota,2884,227
2007-01,Volkswagen,2521,199
2007-01,Peugeot,1029,81
2007-01,Ford,870,69
2007-01,Volvo,693,55
2007-01,Skoda,665,52
2007-01,Opel,622,49
2007-01,Audi,599,47
2007-01,Honda,423,33
2007-01,Mercedes-Benz,362,29
2007-01,BMW,352,28
2007-01,Citroen,263,21
2007-01,Suzuki,258,2
2007-01,Mazda,191,15
2007-01,Saab,169,13
2007-01,Renault,168,13
2007-01,Mitsubishi,136,11
2007-01,Nissan,127,1
2007-01,Hyundai,97,08
2007-01,Kia,55,04
2007-01,Dodge,33,03
2007-01,MINI,26,02
2007-01,Subaru,26,02
2007-01,Lexus,22,02
2007-01,Chevrolet,20,02
2007-01,Alfa Romeo,16,01
2007-01,Daihatsu,15,01
2007-01,Land Rover,14,01
2007-01,Fiat,9,01
2007-01,Chrysler,4,0
2007-01,Iveco,4,0
2007-01,Jaguar,3,0
2007-01,Jeep,2,0
2007-01,Nilsson,2,0
2007-01,Think,2,0
2007-01,Smart,1,0
2007-01,Ssangyong,1,0
2007-01,NA,1,0
2007-02,Toyota,1885,192
2007-02,Volkswagen,1517,155
2007-02,Ford,686,7
2007-02,Peugeot,621,63
2007-02,Volvo,570,58
2007-02,Opel,551,56
2007-02,Audi,498,51
2007-02,Skoda,463,47
2007-02,Mercedes-Benz,410,42
2007-02,Honda,356,36
2007-02,BMW,335,34
2007-02,Suzuki,264,27
2007-02,Mitsubishi,262,27
2007-02,Citroen,247,25
2007-02,Mazda,239,24
2007-02,Saab,175,18
2007-02,Hyundai,149,15
2007-02,Nissan,134,14
2007-02,Kia,119,12
2007-02,Renault,84,09
2007-02,Chevrolet,35,04
2007-02,MINI,32,03
2007-02,Land Rover,30,03
2007-02,Dodge,24,02
2007-02,Daihatsu,22,02
2007-02,Subaru,18,02
2007-02,Lexus,17,02
2007-02,Alfa Romeo,9,01
2007-02,Fiat,6,01
2007-02,Jeep,6,01
2007-02,Nilsson,6,01
2007-02,Chrysler,5,01
2007-02,Jaguar,5,01
2007-02,Smart,5,01
2007-02,Chevrolet US,3,0
2007-02,Ssangyong,2,0
2007-02,Porsche,2,0
2007-02,Cadillac,1,0
2007-03,Toyota,1833,163
2007-03,Volkswagen,1428,127
2007-03,Peugeot,867,77
2007-03,Ford,766,68
2007-03,Audi,682,61
2007-03,Volvo,656,58
2007-03,Opel,578,51
2007-03,Mitsubishi,512,45
2007-03,Skoda,491,44
2007-03,Honda,399,35
2007-03,Mercedes-Benz,387,34
2007-03,BMW,365,32
2007-03,Suzuki,333,3
2007-03,Nissan,327,29
2007-03,Mazda,319,28
2007-03,Saab,243,22
2007-03,Citroen,239,21
2007-03,Hyundai,228,2
2007-03,Kia,171,15
2007-03,Renault,131,12
2007-03,Chevrolet,52,05
2007-03,Land Rover,40,04
2007-03,Jeep,33,03
2007-03,MINI,28,02
2007-03,Daihatsu,27,02
2007-03,Dodge,25,02
2007-03,Alfa Romeo,21,02
2007-03,Fiat,20,02
2007-03,Lexus,18,02
2007-03,Porsche,14,01
2007-03,Jaguar,9,01
2007-03,Subaru,7,01
2007-03,Iveco,5,0
2007-03,Cadillac,4,0
2007-03,Chrysler,3,0
2007-03,Nilsson,1,0
2007-03,NA,1,0
2007-03,Aston Martin,1,0
2007-04,Toyota,1300,147
2007-04,Volkswagen,1257,142
2007-04,Volvo,587,66
2007-04,Audi,556,63
2007-04,Peugeot,547,62
2007-04,Opel,534,6
2007-04,Ford,451,51
2007-04,Skoda,438,49
2007-04,Mercedes-Benz,387,44
2007-04,BMW,360,41
2007-04,Honda,351,4
2007-04,Suzuki,347,39
2007-04,Nissan,328,37
2007-04,Mazda,249,28
2007-04,Saab,191,22
2007-04,Citroen,179,2
2007-04,Hyundai,142,16
2007-04,Mitsubishi,104,12
2007-04,Renault,92,1
2007-04,Kia,92,1
2007-04,Chevrolet,79,09
2007-04,Subaru,77,09
2007-04,Land Rover,42,05
2007-04,MINI,31,04
2007-04,Dodge,25,03
2007-04,Alfa Romeo,20,02
2007-04,Lexus,18,02
2007-04,Daihatsu,17,02
2007-04,Chrysler,11,01
2007-04,Jeep,10,01
2007-04,Fiat,7,01
2007-04,Porsche,7,01
2007-04,Jaguar,5,01
2007-04,Iveco,5,01
2007-04,Morgan,4,0
2007-04,Cadillac,2,0
2007-04,Smart,1,0
2007-04,Think,1,0
2007-05,Volkswagen,1934,161
2007-05,Toyota,1866,155
2007-05,Volvo,805,67
2007-05,Opel,771,64
2007-05,Peugeot,743,62
2007-05,Ford,648,54
2007-05,Audi,630,52
2007-05,Honda,520,43
2007-05,Skoda,517,43
2007-05,BMW,431,36
2007-05,Mercedes-Benz,422,35
2007-05,Suzuki,420,35
2007-05,Nissan,382,32
2007-05,Mazda,325,27
2007-05,Saab,241,2
2007-05,Citroen,223,19
2007-05,Mitsubishi,222,18
2007-05,Kia,169,14
2007-05,Hyundai,155,13
2007-05,Renault,109,09
2007-05,Land Rover,91,08
2007-05,Subaru,78,06
2007-05,Jeep,72,06
2007-05,Chevrolet,65,05
2007-05,Daihatsu,36,03
2007-05,MINI,30,02
2007-05,Dodge,29,02
2007-05,Fiat,18,01
2007-05,Alfa Romeo,17,01
2007-05,Lexus,10,01
2007-05,Chrysler,8,01
2007-05,Jaguar,5,0
2007-05,Porsche,4,0
2007-05,Aston Martin,4,0
2007-05,Ssangyong,3,0
2007-05,Smart,2,0
2007-05,Morgan,2,0
2007-06,Toyota,1620,146
2007-06,Volkswagen,1531,138
2007-06,Ford,772,7
2007-06,Opel,683,62
2007-06,Volvo,662,6
2007-06,Honda,624,56
2007-06,Peugeot,569,51
2007-06,Skoda,512,46
2007-06,Audi,498,45
2007-06,BMW,477,43
2007-06,Mercedes-Benz,421,38
2007-06,Mitsubishi,414,37
2007-06,Nissan,364,33
2007-06,Mazda,296,27
2007-06,Citroen,277,25
2007-06,Suzuki,262,24
2007-06,Hyundai,204,18
2007-06,Saab,195,18
2007-06,Kia,159,14
2007-06,Renault,107,1
2007-06,Chevrolet,74,07
2007-06,Jeep,68,06
2007-06,Subaru,65,06
2007-06,Land Rover,47,04
2007-06,MINI,37,03
2007-06,Daihatsu,37,03
2007-06,Dodge,23,02
2007-06,Alfa Romeo,21,02
2007-06,Lexus,17,02
2007-06,Fiat,10,01
2007-06,Jaguar,8,01
2007-06,Smart,8,01
2007-06,Chrysler,5,0
2007-06,Porsche,5,0
2007-06,Ssangyong,5,0
2007-06,Aston Martin,3,0
2007-06,Cadillac,1,0
2007-06,Chevrolet US,1,0
2007-06,Bentley,1,0
2007-07,Toyota,1901,158
2007-07,Volkswagen,1777,147
2007-07,Volvo,1064,88
2007-07,Ford,1006,83
2007-07,Peugeot,749,62
2007-07,Opel,685,57
2007-07,Audi,562,47
2007-07,Skoda,489,41
2007-07,Mercedes-Benz,469,39
2007-07,BMW,403,33
2007-07,Honda,401,33
2007-07,Mitsubishi,381,32
2007-07,Suzuki,296,25
2007-07,Mazda,294,24
2007-07,Citroen,281,23
2007-07,Nissan,277,23
2007-07,Saab,204,17
2007-07,Hyundai,182,15
2007-07,Kia,137,11
2007-07,Renault,124,1
2007-07,Chevrolet,78,06
2007-07,Jeep,56,05
2007-07,Subaru,51,04
2007-07,Daihatsu,33,03
2007-07,Land Rover,32,03
2007-07,MINI,28,02
2007-07,Dodge,26,02
2007-07,Lexus,16,01
2007-07,Alfa Romeo,14,01
2007-07,Fiat,12,01
2007-07,Jaguar,12,01
2007-07,Smart,8,01
2007-07,Chrysler,5,0
2007-07,Porsche,3,0
2007-07,Aston Martin,3,0
2007-07,Ssangyong,1,0
2007-07,Nilsson,1,0
2007-07,NA,1,0
2007-08,Toyota,1783,165
2007-08,Volkswagen,1665,154
2007-08,Ford,816,76
2007-08,Mitsubishi,681,63
2007-08,Audi,590,55
2007-08,Peugeot,531,49
2007-08,Volvo,498,46
2007-08,Skoda,476,44
2007-08,Opel,472,44
2007-08,Mercedes-Benz,435,4
2007-08,Suzuki,392,36
2007-08,BMW,348,32
2007-08,Nissan,348,32
2007-08,Honda,296,27
2007-08,Citroen,288,27
2007-08,Mazda,237,22
2007-08,Hyundai,196,18
2007-08,Kia,122,11
2007-08,Saab,103,1
2007-08,Renault,100,09
2007-08,Subaru,92,09
2007-08,Chevrolet,67,06
2007-08,Jeep,51,05
2007-08,Daihatsu,40,04
2007-08,Lexus,30,03
2007-08,Land Rover,28,03
2007-08,MINI,24,02
2007-08,Fiat,23,02
2007-08,Dodge,13,01
2007-08,Smart,13,01
2007-08,Alfa Romeo,12,01
2007-08,Jaguar,5,0
2007-08,Ssangyong,3,0
2007-08,Cadillac,3,0
2007-08,Chrysler,1,0
2007-08,Porsche,1,0
2007-08,Iveco,1,0
2007-08,Think,1,0
2007-08,Lancia,1,0
2007-09,Volkswagen,1373,147
2007-09,Toyota,1303,14
2007-09,Ford,679,73
2007-09,Volvo,662,71
2007-09,Mitsubishi,553,59
2007-09,Nissan,432,46
2007-09,Peugeot,426,46
2007-09,Opel,414,44
2007-09,Audi,393,42
2007-09,Honda,358,38
2007-09,Skoda,354,38
2007-09,Suzuki,314,34
2007-09,Mercedes-Benz,298,32
2007-09,BMW,271,29
2007-09,Mazda,266,28
2007-09,Hyundai,247,26
2007-09,Saab,220,24
2007-09,Citroen,184,2
2007-09,Kia,158,17
2007-09,Subaru,85,09
2007-09,Renault,69,07
2007-09,Chevrolet,57,06
2007-09,Jeep,34,04
2007-09,Land Rover,32,03
2007-09,Fiat,32,03
2007-09,MINI,26,03
2007-09,Daihatsu,26,03
2007-09,Lexus,25,03
2007-09,Alfa Romeo,15,02
2007-09,Dodge,12,01
2007-09,Jaguar,5,01
2007-09,Chrysler,4,0
2007-09,Porsche,4,0
2007-09,Smart,3,0
2007-09,Ssangyong,2,0
2007-09,Nilsson,1,0
2007-09,Morgan,1,0
2007-09,Lancia,1,0
2007-09,Maserati,1,0
2007-10,Volkswagen,1941,167
2007-10,Toyota,1648,142
2007-10,Volvo,1014,87
2007-10,Peugeot,707,61
2007-10,Ford,693,6
2007-10,BMW,562,48
2007-10,Audi,554,48
2007-10,Opel,547,47
2007-10,Nissan,518,44
2007-10,Skoda,438,38
2007-10,Honda,428,37
2007-10,Mercedes-Benz,376,32
2007-10,Suzuki,333,29
2007-10,Mitsubishi,324,28
2007-10,Mazda,247,21
2007-10,Saab,234,2
2007-10,Hyundai,220,19
2007-10,Citroen,202,17
2007-10,Kia,145,12
2007-10,Subaru,141,12
2007-10,Renault,75,06
2007-10,Jeep,52,04
2007-10,Chevrolet,47,04
2007-10,Land Rover,39,03
2007-10,Fiat,28,02
2007-10,Daihatsu,27,02
2007-10,MINI,26,02
2007-10,Lexus,23,02
2007-10,Dodge,21,02
2007-10,Alfa Romeo,10,01
2007-10,Jaguar,7,01
2007-10,Smart,6,01
2007-10,Chrysler,4,0
2007-10,Porsche,3,0
2007-10,Ssangyong,1,0
2007-10,Cadillac,1,0
2007-10,Nilsson,1,0
2007-10,Chevrolet US,1,0
2007-10,Maserati,1,0
2007-10,Isuzu,1,0
2007-11,Toyota,1579,151
2007-11,Volkswagen,1473,141
2007-11,Volvo,710,68
2007-11,Ford,566,54
2007-11,Nissan,530,51
2007-11,BMW,525,5
2007-11,Honda,509,49
2007-11,Peugeot,479,46
2007-11,Opel,477,46
2007-11,Audi,448,43
2007-11,Skoda,447,43
2007-11,Mercedes-Benz,447,43
2007-11,Suzuki,310,3
2007-11,Mitsubishi,299,29
2007-11,Mazda,287,27
2007-11,Saab,233,22
2007-11,Subaru,220,21
2007-11,Citroen,206,2
2007-11,Kia,161,15
2007-11,Hyundai,156,15
2007-11,Renault,74,07
2007-11,Chevrolet,50,05
2007-11,MINI,48,05
2007-11,Jeep,46,04
2007-11,Fiat,40,04
2007-11,Dodge,25,02
2007-11,Land Rover,23,02
2007-11,Lexus,22,02
2007-11,Daihatsu,19,02
2007-11,Alfa Romeo,18,02
2007-11,Chrysler,9,01
2007-11,Jaguar,7,01
2007-11,Porsche,3,0
2007-11,Ssangyong,3,0
2007-11,Smart,2,0
2007-11,NA,1,0
2007-11,Maserati,1,0
2007-12,Volkswagen,1272,138
2007-12,Toyota,1081,117
2007-12,Ford,821,89
2007-12,Volvo,641,7
2007-12,Skoda,578,63
2007-12,BMW,512,56
2007-12,Opel,481,52
2007-12,Honda,471,51
2007-12,Audi,462,5
2007-12,Mercedes-Benz,456,49
2007-12,Mitsubishi,351,38
2007-12,Saab,307,33
2007-12,Nissan,244,26
2007-12,Peugeot,225,24
2007-12,Subaru,224,24
2007-12,Suzuki,201,22
2007-12,Mazda,194,21
2007-12,Kia,132,14
2007-12,Hyundai,128,14
2007-12,Citroen,120,13
2007-12,Renault,57,06
2007-12,Land Rover,56,06
2007-12,Chevrolet,44,05
2007-12,Jeep,43,05
2007-12,MINI,28,03
2007-12,Alfa Romeo,21,02
2007-12,Daihatsu,16,02
2007-12,Dodge,16,02
2007-12,Lexus,10,01
2007-12,Fiat,9,01
2007-12,Smart,6,01
2007-12,Chrysler,4,0
2007-12,Ssangyong,3,0
2007-12,Jaguar,2,0
2007-12,Porsche,2,0
2007-12,Cadillac,1,0
2007-12,Nilsson,1,0
2007-12,Maserati,1,0
2007-12,Bentley,1,0
2008-01,Toyota,1758,178
2008-01,Volkswagen,1224,124
2008-01,Ford,942,95
2008-01,Volvo,593,6
2008-01,Peugeot,592,6
2008-01,Honda,549,55
2008-01,Nissan,472,48
2008-01,Audi,429,43
2008-01,Mercedes-Benz,374,38
2008-01,BMW,368,37
2008-01,Skoda,360,36
2008-01,Suzuki,344,35
2008-01,Mitsubishi,337,34
2008-01,Opel,334,34
2008-01,Mazda,280,28
2008-01,Subaru,161,16
2008-01,Citroen,146,15
2008-01,Saab,114,12
2008-01,Kia,111,11
2008-01,Hyundai,97,1
2008-01,Renault,59,06
2008-01,MINI,55,06
2008-01,Jeep,32,03
2008-01,Lexus,30,03
2008-01,Chevrolet,28,03
2008-01,Daihatsu,24,02
2008-01,Fiat,22,02
2008-01,Land Rover,21,02
2008-01,Dodge,16,02
2008-01,Alfa Romeo,15,02
2008-01,Chrysler,5,01
2008-01,Smart,4,0
2008-01,Nilsson,3,0
2008-01,Jaguar,2,0
2008-02,Volkswagen,1767,167
2008-02,Toyota,1494,141
2008-02,Ford,1016,96
2008-02,Volvo,684,65
2008-02,Nissan,635,6
2008-02,Audi,486,46
2008-02,BMW,474,45
2008-02,Peugeot,467,44
2008-02,Skoda,426,4
2008-02,Honda,405,38
2008-02,Mitsubishi,397,38
2008-02,Opel,381,36
2008-02,Suzuki,362,34
2008-02,Mazda,305,29
2008-02,Mercedes-Benz,291,28
2008-02,Subaru,153,14
2008-02,Citroen,148,14
2008-02,Kia,133,13
2008-02,Saab,132,12
2008-02,Hyundai,128,12
2008-02,Renault,48,05
2008-02,MINI,41,04
2008-02,Jeep,39,04
2008-02,Daihatsu,26,02
2008-02,Chevrolet,21,02
2008-02,Dodge,20,02
2008-02,Fiat,19,02
2008-02,Land Rover,16,02
2008-02,Lexus,15,01
2008-02,Alfa Romeo,8,01
2008-02,Porsche,7,01
2008-02,Jaguar,6,01
2008-02,Chrysler,4,0
2008-02,Think,4,0
2008-02,Nilsson,2,0
2008-02,Ferrari,2,0
2008-02,Ssangyong,2,0
2008-02,Smart,1,0
2008-02,Cadillac,1,0
2008-02,Maserati,1,0
2008-03,Volkswagen,1503,158
2008-03,Toyota,1338,141
2008-03,Ford,713,75
2008-03,Mitsubishi,584,61
2008-03,Volvo,557,59
2008-03,Mazda,514,54
2008-03,Peugeot,502,53
2008-03,Audi,478,5
2008-03,Skoda,455,48
2008-03,Nissan,431,45
2008-03,BMW,379,4
2008-03,Opel,312,33
2008-03,Honda,293,31
2008-03,Suzuki,273,29
2008-03,Mercedes-Benz,243,26
2008-03,Hyundai,175,18
2008-03,Subaru,163,17
2008-03,Kia,120,13
2008-03,Saab,106,11
2008-03,Citroen,105,11
2008-03,Renault,55,06
2008-03,Chevrolet,37,04
2008-03,MINI,28,03
2008-03,Jeep,28,03
2008-03,Daihatsu,25,03
2008-03,Land Rover,22,02
2008-03,Fiat,17,02
2008-03,Dodge,12,01
2008-03,Lexus,11,01
2008-03,Alfa Romeo,8,01
2008-03,Jaguar,8,01
2008-03,Porsche,2,0
2008-03,Smart,2,0
2008-03,Chrysler,1,0
2008-03,Nilsson,1,0
2008-03,Ssangyong,1,0
2008-03,Cadillac,1,0
2008-03,Aston Martin,1,0
2008-03,Bentley,1,0
2008-03,Lancia,1,0
2008-04,Volkswagen,1795,153
2008-04,Toyota,1528,131
2008-04,Ford,854,73
2008-04,Volvo,732,63
2008-04,Peugeot,662,57
2008-04,Audi,662,57
2008-04,Mitsubishi,620,53
2008-04,BMW,593,51
2008-04,Skoda,537,46
2008-04,Mercedes-Benz,480,41
2008-04,Nissan,456,39
2008-04,Opel,412,35
2008-04,Suzuki,367,31
2008-04,Honda,364,31
2008-04,Mazda,317,27
2008-04,Subaru,240,21
2008-04,Hyundai,187,16
2008-04,Saab,178,15
2008-04,Citroen,170,15
2008-04,Renault,109,09
2008-04,Kia,86,07
2008-04,Fiat,72,06
2008-04,MINI,44,04
2008-04,Chevrolet,43,04
2008-04,Jeep,34,03
2008-04,Daihatsu,26,02
2008-04,Land Rover,24,02
2008-04,Jaguar,19,02
2008-04,Dodge,18,02
2008-04,Lexus,17,01
2008-04,Iveco,13,01
2008-04,Alfa Romeo,9,01
2008-04,Smart,8,01
2008-04,Morgan,8,01
2008-04,Chrysler,6,01
2008-04,Nilsson,6,01
2008-04,Porsche,2,0
2008-04,Aston Martin,2,0
2008-04,Ssangyong,1,0
2008-04,Ferrari,1,0
2008-04,Maserati,1,0
2008-04,Isuzu,1,0
2008-05,Volkswagen,1402,137
2008-05,Toyota,1259,123
2008-05,Ford,984,96
2008-05,Volvo,724,71
2008-05,Peugeot,590,58
2008-05,Audi,569,56
2008-05,Nissan,474,46
2008-05,Skoda,466,46
2008-05,BMW,441,43
2008-05,Opel,437,43
2008-05,Mercedes-Benz,392,38
2008-05,Mazda,345,34
2008-05,Mitsubishi,321,31
2008-05,Suzuki,304,3
2008-05,Honda,302,3
2008-05,Citroen,217,21
2008-05,Subaru,199,19
2008-05,Saab,175,17
2008-05,Hyundai,155,15
2008-05,Kia,107,1
2008-05,Fiat,74,07
2008-05,Renault,67,07
2008-05,Chevrolet,30,03
2008-05,Jeep,25,02
2008-05,Jaguar,25,02
2008-05,MINI,22,02
2008-05,Daihatsu,22,02
2008-05,Land Rover,21,02
2008-05,Dodge,19,02
2008-05,Lexus,14,01
2008-05,Chrysler,7,01
2008-05,Iveco,7,01
2008-05,Smart,6,01
2008-05,Alfa Romeo,4,0
2008-05,Porsche,3,0
2008-05,Nilsson,2,0
2008-05,Ssangyong,2,0
2008-05,Maserati,2,0
2008-05,Morgan,1,0
2008-05,Koenigsegg,1,0
2008-06,Volkswagen,1182,122
2008-06,Toyota,1141,118
2008-06,Ford,898,93
2008-06,Audi,693,72
2008-06,Volvo,672,69
2008-06,BMW,593,61
2008-06,Nissan,476,49
2008-06,Peugeot,427,44
2008-06,Opel,399,41
2008-06,Skoda,370,38
2008-06,Mazda,346,36
2008-06,Honda,337,35
2008-06,Mercedes-Benz,329,34
2008-06,Mitsubishi,283,29
2008-06,Suzuki,264,27
2008-06,Citroen,253,26
2008-06,Subaru,217,22
2008-06,Saab,170,18
2008-06,Hyundai,150,16
2008-06,Kia,107,11
2008-06,Fiat,67,07
2008-06,Renault,62,06
2008-06,Dodge,40,04
2008-06,MINI,35,04
2008-06,Chevrolet,28,03
2008-06,Jeep,19,02
2008-06,Daihatsu,19,02
2008-06,Land Rover,19,02
2008-06,Lexus,18,02
2008-06,Jaguar,16,02
2008-06,Alfa Romeo,11,01
2008-06,Iveco,6,01
2008-06,Think,6,01
2008-06,Smart,4,0
2008-06,Chrysler,3,0
2008-06,Porsche,3,0
2008-06,Ssangyong,2,0
2008-06,Aston Martin,2,0
2008-06,Cadillac,2,0
2008-06,Morgan,1,0
2008-07,Toyota,1315,137
2008-07,Volkswagen,1203,125
2008-07,Ford,1056,11
2008-07,Volvo,601,63
2008-07,Audi,594,62
2008-07,Peugeot,581,6
2008-07,Opel,472,49
2008-07,Nissan,400,42
2008-07,BMW,386,4
2008-07,Mazda,362,38
2008-07,Skoda,322,34
2008-07,Mitsubishi,290,3
2008-07,Honda,283,29
2008-07,Suzuki,276,29
2008-07,Mercedes-Benz,275,29
2008-07,Subaru,206,21
2008-07,Citroen,179,19
2008-07,Hyundai,162,17
2008-07,Saab,141,15
2008-07,Kia,106,11
2008-07,Renault,86,09
2008-07,Think,52,05
2008-07,Dodge,42,04
2008-07,Fiat,37,04
2008-07,Jeep,35,04
2008-07,MINI,33,03
2008-07,Chevrolet,28,03
2008-07,Lexus,15,02
2008-07,Jaguar,15,02
2008-07,Alfa Romeo,15,02
2008-07,Daihatsu,9,01
2008-07,Land Rover,9,01
2008-07,Chrysler,5,01
2008-07,Ssangyong,4,0
2008-07,Smart,2,0
2008-07,Porsche,2,0
2008-07,Nilsson,2,0
2008-07,Morgan,2,0
2008-07,Iveco,1,0
2008-07,Maserati,1,0
2008-08,Volkswagen,1432,183
2008-08,Toyota,1002,128
2008-08,Ford,658,84
2008-08,Audi,574,73
2008-08,Peugeot,457,58
2008-08,Mazda,347,44
2008-08,Skoda,327,42
2008-08,Honda,312,4
2008-08,Mercedes-Benz,295,38
2008-08,Nissan,279,36
2008-08,BMW,278,35
2008-08,Opel,271,35
2008-08,Volvo,270,34
2008-08,Mitsubishi,251,32
2008-08,Suzuki,206,26
2008-08,Subaru,152,19
2008-08,Citroen,134,17
2008-08,Hyundai,111,14
2008-08,Saab,73,09
2008-08,Kia,59,08
2008-08,Fiat,57,07
2008-08,Dodge,49,06
2008-08,Renault,46,06
2008-08,Think,38,05
2008-08,MINI,30,04
2008-08,Chevrolet,26,03
2008-08,Jeep,23,03
2008-08,Daihatsu,19,02
2008-08,Lexus,14,02
2008-08,Land Rover,12,02
2008-08,Alfa Romeo,11,01
2008-08,Porsche,6,01
2008-08,Jaguar,4,01
2008-08,Chrysler,4,01
2008-08,Smart,4,01
2008-08,Iveco,1,0
2008-08,Morgan,1,0
2008-09,Toyota,1250,148
2008-09,Volkswagen,1229,145
2008-09,Ford,764,9
2008-09,Audi,545,64
2008-09,Volvo,457,54
2008-09,Honda,394,47
2008-09,Peugeot,383,45
2008-09,BMW,371,44
2008-09,Mazda,359,42
2008-09,Nissan,319,38
2008-09,Skoda,306,36
2008-09,Opel,302,36
2008-09,Mitsubishi,287,34
2008-09,Mercedes-Benz,278,33
2008-09,Hyundai,212,25
2008-09,Suzuki,207,24
2008-09,Subaru,197,23
2008-09,Saab,132,16
2008-09,Citroen,121,14
2008-09,Kia,73,09
2008-09,Fiat,47,06
2008-09,Renault,38,04
2008-09,Dodge,30,04
2008-09,Chevrolet,28,03
2008-09,MINI,27,03
2008-09,Jeep,24,03
2008-09,Lexus,18,02
2008-09,Daihatsu,17,02
2008-09,Land Rover,9,01
2008-09,Chrysler,9,01
2008-09,Jaguar,4,0
2008-09,Alfa Romeo,4,0
2008-09,Smart,3,0
2008-09,Isuzu,3,0
2008-09,Ssangyong,2,0
2008-09,Iveco,1,0
2008-09,Porsche,1,0
2008-09,Cadillac,1,0
2008-09,Lancia,1,0
2008-10,Volkswagen,1442,172
2008-10,Toyota,1247,149
2008-10,Ford,701,84
2008-10,Audi,578,69
2008-10,Volvo,472,56
2008-10,Peugeot,449,54
2008-10,BMW,395,47
2008-10,Nissan,346,41
2008-10,Skoda,283,34
2008-10,Mazda,275,33
2008-10,Mercedes-Benz,260,31
2008-10,Subaru,245,29
2008-10,Opel,241,29
2008-10,Suzuki,231,28
2008-10,Mitsubishi,214,26
2008-10,Honda,214,26
2008-10,Hyundai,146,17
2008-10,Citroen,142,17
2008-10,Saab,116,14
2008-10,Kia,76,09
2008-10,Fiat,61,07
2008-10,Renault,54,06
2008-10,MINI,37,04
2008-10,Chevrolet,26,03
2008-10,Dodge,25,03
2008-10,Lexus,19,02
2008-10,Chrysler,18,02
2008-10,Land Rover,17,02
2008-10,Daihatsu,15,02
2008-10,Jeep,10,01
2008-10,Porsche,10,01
2008-10,Alfa Romeo,9,01
2008-10,Jaguar,7,01
2008-10,Smart,3,0
2008-10,Ssangyong,3,0
2008-10,Iveco,2,0
2008-10,Lancia,1,0
2008-11,Volkswagen,1306,188
2008-11,Toyota,760,109
2008-11,Ford,639,92
2008-11,Audi,522,75
2008-11,Volvo,478,69
2008-11,Peugeot,333,48
2008-11,Mercedes-Benz,302,43
2008-11,Nissan,293,42
2008-11,BMW,262,38
2008-11,Subaru,255,37
2008-11,Skoda,252,36
2008-11,Opel,230,33
2008-11,Honda,211,3
2008-11,Mazda,209,3
2008-11,Mitsubishi,206,3
2008-11,Suzuki,160,23
2008-11,Hyundai,120,17
2008-11,Citroen,108,16
2008-11,Saab,65,09
2008-11,Kia,54,08
2008-11,Fiat,42,06
2008-11,Dodge,27,04
2008-11,Renault,24,03
2008-11,Chevrolet,18,03
2008-11,MINI,12,02
2008-11,Think,11,02
2008-11,Land Rover,10,01
2008-11,Jeep,9,01
2008-11,Daihatsu,8,01
2008-11,Alfa Romeo,7,01
2008-11,Lexus,5,01
2008-11,Chrysler,4,01
2008-11,Jaguar,3,0
2008-11,Smart,2,0
2008-11,Porsche,2,0
2008-11,Isuzu,1,0
2008-11,Ferrari,1,0
2008-11,Lancia,1,0
2008-12,Volkswagen,1256,161
2008-12,Toyota,876,112
2008-12,Ford,848,108
2008-12,Volvo,714,91
2008-12,Audi,625,8
2008-12,BMW,423,54
2008-12,Honda,340,43
2008-12,Skoda,317,41
2008-12,Subaru,315,4
2008-12,Mercedes-Benz,294,38
2008-12,Nissan,259,33
2008-12,Mitsubishi,237,3
2008-12,Suzuki,181,23
2008-12,Opel,179,23
2008-12,Mazda,175,22
2008-12,Peugeot,173,22
2008-12,Citroen,119,15
2008-12,Saab,92,12
2008-12,Hyundai,91,12
2008-12,Think,66,08
2008-12,Fiat,45,06
2008-12,Renault,39,05
2008-12,Kia,27,03
2008-12,Dodge,25,03
2008-12,Land Rover,14,02
2008-12,MINI,10,01
2008-12,Chevrolet,10,01
2008-12,Jeep,10,01
2008-12,Iveco,10,01
2008-12,Jaguar,8,01
2008-12,Lexus,7,01
2008-12,Alfa Romeo,7,01
2008-12,Smart,7,01
2008-12,Porsche,6,01
2008-12,Daihatsu,4,01
2008-12,Chrysler,4,01
2008-12,Nilsson,2,0
2008-12,Lancia,2,0
2008-12,Ferrari,1,0
2008-12,Lamborghini,1,0
2009-01,Toyota,946,177
2009-01,Volkswagen,725,135
2009-01,Ford,533,10
2009-01,Volvo,347,65
2009-01,Peugeot,320,6
2009-01,Opel,303,57
2009-01,Audi,221,41
2009-01,Hyundai,202,38
2009-01,Nissan,197,37
2009-01,Skoda,192,36
2009-01,Mazda,182,34
2009-01,Subaru,164,31
2009-01,BMW,159,3
2009-01,Mercedes-Benz,144,27
2009-01,Suzuki,139,26
2009-01,Honda,138,26
2009-01,Mitsubishi,126,24
2009-01,Citroen,97,18
2009-01,Saab,36,07
2009-01,Fiat,34,06
2009-01,Kia,31,06
2009-01,Renault,28,05
2009-01,MINI,17,03
2009-01,Dodge,14,03
2009-01,Smart,12,02
2009-01,Lexus,10,02
2009-01,Daihatsu,7,01
2009-01,Jeep,7,01
2009-01,Alfa Romeo,6,01
2009-01,Chevrolet,4,01
2009-01,Land Rover,4,01
2009-01,Nilsson,3,01
2009-01,Jaguar,2,0
2009-01,Chrysler,1,0
2009-01,Morgan,1,0
2009-01,Ssangyong,1,0
2009-02,Volkswagen,921,146
2009-02,Toyota,893,142
2009-02,Ford,527,84
2009-02,Audi,325,52
2009-02,Volvo,309,49
2009-02,Honda,303,48
2009-02,Skoda,292,46
2009-02,BMW,292,46
2009-02,Peugeot,291,46
2009-02,Opel,247,39
2009-02,Mazda,246,39
2009-02,Nissan,243,39
2009-02,Hyundai,208,33
2009-02,Mitsubishi,208,33
2009-02,Subaru,202,32
2009-02,Mercedes-Benz,140,22
2009-02,Suzuki,130,21
2009-02,Citroen,123,2
2009-02,Renault,82,13
2009-02,Saab,48,08
2009-02,Kia,46,07
2009-02,Fiat,40,06
2009-02,Lexus,40,06
2009-02,Think,29,05
2009-02,Dodge,20,03
2009-02,Chevrolet,18,03
2009-02,Land Rover,18,03
2009-02,MINI,11,02
2009-02,Jeep,6,01
2009-02,Chrysler,6,01
2009-02,Smart,5,01
2009-02,Isuzu,5,01
2009-02,Nilsson,4,01
2009-02,Jaguar,4,01
2009-02,Daihatsu,3,0
2009-02,Alfa Romeo,2,0
2009-03,Toyota,1021,134
2009-03,Volkswagen,909,12
2009-03,Ford,698,92
2009-03,Honda,454,6
2009-03,Mazda,450,59
2009-03,Opel,381,5
2009-03,Peugeot,361,47
2009-03,Skoda,337,44
2009-03,Volvo,332,44
2009-03,BMW,330,43
2009-03,Audi,323,42
2009-03,Hyundai,317,42
2009-03,Mitsubishi,276,36
2009-03,Nissan,271,36
2009-03,Mercedes-Benz,248,33
2009-03,Subaru,247,32
2009-03,Citroen,179,24
2009-03,Suzuki,120,16
2009-03,Renault,63,08
2009-03,Kia,60,08
2009-03,Fiat,46,06
2009-03,Saab,34,04
2009-03,Think,29,04
2009-03,Jeep,27,04
2009-03,Chevrolet,13,02
2009-03,Dodge,12,02
2009-03,MINI,12,02
2009-03,Land Rover,12,02
2009-03,Lexus,10,01
2009-03,Alfa Romeo,9,01
2009-03,Daihatsu,6,01
2009-03,Nilsson,4,01
2009-03,Smart,2,0
2009-03,Chrysler,2,0
2009-03,Jaguar,2,0
2009-03,Porsche,2,0
2009-03,Morgan,1,0
2009-03,Cadillac,1,0
2009-04,Volkswagen,1207,161
2009-04,Toyota,993,132
2009-04,Ford,608,81
2009-04,Peugeot,479,64
2009-04,Volvo,434,58
2009-04,Skoda,406,54
2009-04,Audi,389,52
2009-04,Opel,370,49
2009-04,Honda,328,44
2009-04,BMW,278,37
2009-04,Nissan,266,35
2009-04,Hyundai,244,33
2009-04,Mercedes-Benz,215,29
2009-04,Mazda,214,29
2009-04,Subaru,190,25
2009-04,Citroen,180,24
2009-04,Mitsubishi,170,23
2009-04,Suzuki,164,22
2009-04,Renault,89,12
2009-04,Fiat,49,07
2009-04,Kia,34,05
2009-04,Saab,32,04
2009-04,MINI,30,04
2009-04,Dodge,27,04
2009-04,Chevrolet,18,02
2009-04,Think,14,02
2009-04,Jeep,14,02
2009-04,Land Rover,14,02
2009-04,Lexus,11,01
2009-04,Jaguar,11,01
2009-04,Smart,10,01
2009-04,Daihatsu,4,01
2009-04,Alfa Romeo,3,0
2009-04,Morgan,3,0
2009-04,Chrysler,2,0
2009-04,Nilsson,1,0
2009-04,Porsche,1,0
2009-04,Cadillac,1,0
2009-04,Ssangyong,1,0
2009-05,Volkswagen,1094,147
2009-05,Toyota,1056,142
2009-05,Ford,661,89
2009-05,Opel,426,57
2009-05,Skoda,425,57
2009-05,Audi,416,56
2009-05,BMW,389,52
2009-05,Volvo,379,51
2009-05,Peugeot,339,46
2009-05,Mercedes-Benz,279,38
2009-05,Honda,271,37
2009-05,Hyundai,257,35
2009-05,Nissan,235,32
2009-05,Subaru,218,29
2009-05,Citroen,171,23
2009-05,Mazda,142,19
2009-05,Mitsubishi,138,19
2009-05,Suzuki,124,17
2009-05,Fiat,116,16
2009-05,Renault,56,08
2009-05,Kia,47,06
2009-05,Saab,42,06
2009-05,MINI,29,04
2009-05,Dodge,23,03
2009-05,Chevrolet,20,03
2009-05,Jeep,15,02
2009-05,Lexus,13,02
2009-05,Smart,8,01
2009-05,Land Rover,7,01
2009-05,Alfa Romeo,7,01
2009-05,Porsche,6,01
2009-05,Nilsson,3,0
2009-05,Daihatsu,2,0
2009-05,Jaguar,2,0
2009-05,Chrysler,2,0
2009-05,Think,1,0
2009-05,Isuzu,1,0
2009-05,Ssangyong,1,0
2009-06,Volkswagen,965,127
2009-06,Toyota,888,117
2009-06,Ford,845,111
2009-06,Volvo,590,78
2009-06,Audi,488,64
2009-06,Opel,432,57
2009-06,BMW,383,51
2009-06,Mercedes-Benz,322,42
2009-06,Mazda,314,41
2009-06,Peugeot,308,41
2009-06,Skoda,280,37
2009-06,Nissan,267,35
2009-06,Hyundai,257,34
2009-06,Subaru,229,3
2009-06,Honda,226,3
2009-06,Citroen,172,23
2009-06,Mitsubishi,147,19
2009-06,Suzuki,119,16
2009-06,Fiat,83,11
2009-06,Renault,61,08
2009-06,Kia,51,07
2009-06,Saab,30,04
2009-06,MINI,25,03
2009-06,Dodge,24,03
2009-06,Chevrolet,15,02
2009-06,Jeep,9,01
2009-06,Alfa Romeo,7,01
2009-06,Jaguar,7,01
2009-06,Lexus,6,01
2009-06,Smart,6,01
2009-06,Nilsson,6,01
2009-06,Chrysler,5,01
2009-06,Porsche,5,01
2009-06,Daihatsu,4,01
2009-06,Think,2,0
2009-06,Land Rover,2,0
2009-06,Ferrari,1,0
2009-07,Volkswagen,1356,144
2009-07,Toyota,1353,144
2009-07,Volvo,900,96
2009-07,Ford,824,88
2009-07,Audi,593,63
2009-07,Opel,424,45
2009-07,Mercedes-Benz,414,44
2009-07,Nissan,413,44
2009-07,Peugeot,408,43
2009-07,BMW,378,4
2009-07,Hyundai,360,38
2009-07,Honda,327,35
2009-07,Skoda,313,33
2009-07,Mazda,238,25
2009-07,Mitsubishi,193,21
2009-07,Suzuki,171,18
2009-07,Subaru,158,17
2009-07,Citroen,150,16
2009-07,Fiat,121,13
2009-07,Kia,65,07
2009-07,MINI,46,05
2009-07,Renault,35,04
2009-07,Saab,33,04
2009-07,Chevrolet,25,03
2009-07,Dodge,24,03
2009-07,Lexus,12,01
2009-07,Smart,12,01
2009-07,Jeep,11,01
2009-07,Land Rover,8,01
2009-07,Jaguar,7,01
2009-07,Think,6,01
2009-07,Alfa Romeo,5,01
2009-07,Daihatsu,3,0
2009-07,Porsche,3,0
2009-07,Morgan,2,0
2009-07,Chrysler,1,0
2009-07,Isuzu,1,0
2009-07,Ferrari,1,0
2009-08,Toyota,1482,186
2009-08,Volkswagen,1174,147
2009-08,Ford,552,69
2009-08,Audi,513,64
2009-08,Nissan,413,52
2009-08,BMW,377,47
2009-08,Mercedes-Benz,364,46
2009-08,Peugeot,359,45
2009-08,Volvo,321,4
2009-08,Hyundai,303,38
2009-08,Skoda,302,38
2009-08,Mitsubishi,277,35
2009-08,Opel,264,33
2009-08,Mazda,225,28
2009-08,Honda,215,27
2009-08,Citroen,189,24
2009-08,Subaru,147,18
2009-08,Suzuki,137,17
2009-08,Fiat,97,12
2009-08,Kia,50,06
2009-08,Renault,43,05
2009-08,Lexus,26,03
2009-08,Saab,24,03
2009-08,MINI,24,03
2009-08,Chevrolet,21,03
2009-08,Dodge,15,02
2009-08,Jeep,13,02
2009-08,Think,8,01
2009-08,Land Rover,8,01
2009-08,Alfa Romeo,7,01
2009-08,Smart,6,01
2009-08,Porsche,4,01
2009-08,Jaguar,2,0
2009-08,Daihatsu,2,0
2009-08,Ferrari,2,0
2009-08,Chrysler,1,0
2009-09,Toyota,1697,178
2009-09,Volkswagen,1358,142
2009-09,Ford,956,10
2009-09,Volvo,767,8
2009-09,BMW,447,47
2009-09,Audi,422,44
2009-09,Nissan,406,43
2009-09,Mercedes-Benz,372,39
2009-09,Peugeot,370,39
2009-09,Skoda,342,36
2009-09,Mazda,337,35
2009-09,Opel,284,3
2009-09,Hyundai,283,3
2009-09,Mitsubishi,273,29
2009-09,Subaru,266,28
2009-09,Honda,227,24
2009-09,Suzuki,219,23
2009-09,Fiat,134,14
2009-09,Citroen,119,12
2009-09,Renault,45,05
2009-09,Kia,41,04
2009-09,MINI,33,03
2009-09,Dodge,26,03
2009-09,Saab,21,02
2009-09,Chevrolet,14,01
2009-09,Jeep,13,01
2009-09,Lexus,12,01
2009-09,Land Rover,11,01
2009-09,Smart,9,01
2009-09,Jaguar,7,01
2009-09,Porsche,5,01
2009-09,NA,4,0
2009-09,Daihatsu,3,0
2009-09,Chrysler,3,0
2009-09,Alfa Romeo,1,0
2009-09,Nilsson,1,0
2009-09,Ssangyong,1,0
2009-09,Seat,1,0
2009-10,Toyota,1709,168
2009-10,Volkswagen,1458,143
2009-10,Ford,1045,103
2009-10,Volvo,765,75
2009-10,Peugeot,590,58
2009-10,Audi,510,5
2009-10,Skoda,463,45
2009-10,BMW,450,44
2009-10,Mercedes-Benz,434,43
2009-10,Nissan,399,39
2009-10,Opel,360,35
2009-10,Hyundai,354,35
2009-10,Honda,282,28
2009-10,Subaru,221,22
2009-10,Citroen,203,2
2009-10,Mazda,196,19
2009-10,Suzuki,155,15
2009-10,Mitsubishi,127,12
2009-10,Kia,104,1
2009-10,Fiat,103,1
2009-10,Renault,68,07
2009-10,Saab,62,06
2009-10,MINI,33,03
2009-10,Jeep,17,02
2009-10,Dodge,15,01
2009-10,Lexus,15,01
2009-10,Chevrolet,10,01
2009-10,Jaguar,7,01
2009-10,Land Rover,6,01
2009-10,Porsche,5,0
2009-10,Daihatsu,4,0
2009-10,NA,4,0
2009-10,Tesla,4,0
2009-10,Smart,3,0
2009-10,Lancia,2,0
2009-10,Chrysler,1,0
2009-10,Ssangyong,1,0
2009-10,Cadillac,1,0
2009-10,Iveco,1,0
2009-11,Volkswagen,1529,159
2009-11,Toyota,1450,151
2009-11,Ford,1142,119
2009-11,Volvo,956,10
2009-11,Audi,549,57
2009-11,BMW,424,44
2009-11,Skoda,408,43
2009-11,Peugeot,403,42
2009-11,Nissan,373,39
2009-11,Mercedes-Benz,352,37
2009-11,Subaru,291,3
2009-11,Opel,245,26
2009-11,Mazda,227,24
2009-11,Hyundai,218,23
2009-11,Mitsubishi,213,22
2009-11,Suzuki,174,18
2009-11,Citroen,162,17
2009-11,Honda,114,12
2009-11,Fiat,98,1
2009-11,Kia,59,06
2009-11,Renault,56,06
2009-11,Saab,32,03
2009-11,Chevrolet,25,03
2009-11,MINI,21,02
2009-11,Dodge,17,02
2009-11,Lexus,16,02
2009-11,Jeep,13,01
2009-11,Jaguar,13,01
2009-11,Land Rover,9,01
2009-11,Porsche,5,01
2009-11,Alfa Romeo,4,0
2009-11,Smart,2,0
2009-12,Volkswagen,1571,153
2009-12,Ford,1413,138
2009-12,Volvo,1217,119
2009-12,Toyota,1117,109
2009-12,Audi,677,66
2009-12,BMW,551,54
2009-12,Mercedes-Benz,493,48
2009-12,Skoda,446,44
2009-12,Mitsubishi,394,38
2009-12,Subaru,335,33
2009-12,Nissan,296,29
2009-12,Opel,256,25
2009-12,Mazda,252,25
2009-12,Citroen,235,23
2009-12,Suzuki,180,18
2009-12,Honda,174,17
2009-12,Peugeot,173,17
2009-12,Hyundai,136,13
2009-12,Renault,53,05
2009-12,Fiat,48,05
2009-12,Kia,43,04
2009-12,Chevrolet,39,04
2009-12,Land Rover,28,03
2009-12,Saab,26,03
2009-12,Dodge,23,02
2009-12,MINI,20,02
2009-12,Jeep,15,01
2009-12,Jaguar,10,01
2009-12,Porsche,9,01
2009-12,Chrysler,5,0
2009-12,Lexus,4,0
2009-12,Think,4,0
2009-12,Ssangyong,3,0
2009-12,Smart,2,0
2009-12,Tesla,1,0
2009-12,Lancia,1,0
2010-01,Toyota,1894,195
2010-01,Volkswagen,1524,157
2010-01,Ford,849,88
2010-01,Peugeot,842,87
2010-01,Volvo,652,67
2010-01,Skoda,442,46
2010-01,Audi,432,45
2010-01,Nissan,342,35
2010-01,Mercedes-Benz,328,34
2010-01,Opel,315,32
2010-01,Suzuki,303,31
2010-01,BMW,260,27
2010-01,Hyundai,242,25
2010-01,Citroen,206,21
2010-01,Mazda,187,19
2010-01,Subaru,161,17
2010-01,Honda,127,13
2010-01,Mitsubishi,126,13
2010-01,Fiat,107,11
2010-01,Kia,94,1
2010-01,Renault,88,09
2010-01,Alfa Romeo,63,06
2010-01,Lexus,29,03
2010-01,MINI,22,02
2010-01,Saab,20,02
2010-01,Dodge,15,02
2010-01,Chevrolet,6,01
2010-01,Jaguar,5,01
2010-01,Jeep,4,0
2010-01,Land Rover,3,0
2010-01,Smart,3,0
2010-01,Daihatsu,2,0
2010-01,Cadillac,1,0
2010-01,Chrysler,1,0
2010-01,Lancia,1,0
2010-01,Porsche,1,0
2010-02,Volkswagen,1411,155
2010-02,Toyota,1287,142
2010-02,Volvo,842,93
2010-02,Ford,602,66
2010-02,Skoda,554,61
2010-02,Peugeot,500,55
2010-02,BMW,416,46
2010-02,Audi,411,45
2010-02,Mercedes-Benz,342,38
2010-02,Nissan,332,37
2010-02,Mitsubishi,308,34
2010-02,Opel,283,31
2010-02,Suzuki,264,29
2010-02,Hyundai,263,29
2010-02,Subaru,244,27
2010-02,Honda,200,22
2010-02,Citroen,196,22
2010-02,Mazda,193,21
2010-02,Fiat,116,13
2010-02,Kia,96,11
2010-02,Renault,67,07
2010-02,Alfa Romeo,49,05
2010-02,MINI,32,04
2010-02,Saab,23,03
2010-02,Dodge,15,02
2010-02,Lexus,10,01
2010-02,Land Rover,8,01
2010-02,Daihatsu,7,01
2010-02,Jaguar,5,01
2010-02,Jeep,5,01
2010-02,Smart,5,01
2010-02,Porsche,4,0
2010-02,Chevrolet,2,0
2010-02,Iveco,1,0
2010-02,Think,1,0
2010-03,Volkswagen,1585,138
2010-03,Toyota,1474,128
2010-03,Ford,989,86
2010-03,Volvo,936,81
2010-03,Peugeot,704,61
2010-03,Audi,587,51
2010-03,Skoda,566,49
2010-03,Opel,501,44
2010-03,Hyundai,493,43
2010-03,Nissan,476,41
2010-03,BMW,453,39
2010-03,Mazda,423,37
2010-03,Mercedes-Benz,361,31
2010-03,Mitsubishi,336,29
2010-03,Citroen,287,25
2010-03,Subaru,270,24
2010-03,Honda,260,23
2010-03,Suzuki,195,17
2010-03,Fiat,161,14
2010-03,Kia,153,13
2010-03,Renault,67,06
2010-03,MINI,49,04
2010-03,Alfa Romeo,47,04
2010-03,Think,39,03
2010-03,Lexus,17,01
2010-03,Saab,14,01
2010-03,Daihatsu,11,01
2010-03,Land Rover,9,01
2010-03,Dodge,7,01
2010-03,Porsche,6,01
2010-03,Jeep,3,0
2010-03,Chevrolet,2,0
2010-03,Smart,1,0
2010-03,Cadillac,1,0
2010-03,Morgan,1,0
2010-03,Tata,1,0
2010-03,Tesla,1,0
2010-04,Volkswagen,1906,179
2010-04,Toyota,1280,12
2010-04,Volvo,868,81
2010-04,Audi,774,72
2010-04,Peugeot,628,59
2010-04,Skoda,612,57
2010-04,Ford,567,53
2010-04,Nissan,471,44
2010-04,BMW,413,39
2010-04,Opel,404,38
2010-04,Hyundai,365,34
2010-04,Mitsubishi,356,33
2010-04,Mercedes-Benz,347,32
2010-04,Suzuki,278,26
2010-04,Subaru,275,26
2010-04,Honda,233,22
2010-04,Citroen,218,2
2010-04,Mazda,212,2
2010-04,Kia,117,11
2010-04,Renault,92,09
2010-04,Fiat,84,08
2010-04,Think,40,04
2010-04,MINI,27,03
2010-04,Lexus,24,02
2010-04,Saab,17,02
2010-04,Alfa Romeo,15,01
2010-04,Daihatsu,12,01
2010-04,Land Rover,12,01
2010-04,Dodge,8,01
2010-04,Morgan,4,0
2010-04,Jeep,3,0
2010-04,Porsche,3,0
2010-04,Chevrolet,3,0
2010-04,Jaguar,3,0
2010-04,Tesla,2,0
2010-04,Ssangyong,2,0
2010-04,Cadillac,1,0
2010-04,Chrysler,1,0
2010-05,Volkswagen,1591,161
2010-05,Toyota,1213,123
2010-05,Ford,844,85
2010-05,Volvo,728,74
2010-05,Audi,617,62
2010-05,Peugeot,506,51
2010-05,Skoda,500,51
2010-05,BMW,489,49
2010-05,Nissan,440,44
2010-05,Mercedes-Benz,373,38
2010-05,Opel,342,35
2010-05,Mitsubishi,320,32
2010-05,Hyundai,304,31
2010-05,Mazda,267,27
2010-05,Citroen,240,24
2010-05,Suzuki,214,22
2010-05,Subaru,211,21
2010-05,Honda,168,17
2010-05,Kia,150,15
2010-05,Fiat,141,14
2010-05,Renault,65,07
2010-05,Think,40,04
2010-05,MINI,35,04
2010-05,Lexus,20,02
2010-05,Alfa Romeo,19,02
2010-05,Saab,14,01
2010-05,Land Rover,7,01
2010-05,Smart,7,01
2010-05,Dodge,5,01
2010-05,Daihatsu,5,01
2010-05,Porsche,5,01
2010-05,Jaguar,5,01
2010-05,Chrysler,4,0
2010-05,Aston Martin,3,0
2010-05,Chevrolet,2,0
2010-05,Morgan,1,0
2010-05,Ferrari,1,0
2010-06,Toyota,1488,134
2010-06,Volkswagen,1425,128
2010-06,Ford,1241,112
2010-06,Volvo,882,79
2010-06,Audi,535,48
2010-06,Skoda,534,48
2010-06,Peugeot,528,47
2010-06,BMW,515,46
2010-06,Opel,488,44
2010-06,Nissan,479,43
2010-06,Hyundai,464,42
2010-06,Citroen,407,37
2010-06,Mercedes-Benz,356,32
2010-06,Mitsubishi,325,29
2010-06,Honda,290,26
2010-06,Subaru,253,23
2010-06,Mazda,198,18
2010-06,Suzuki,178,16
2010-06,Kia,140,13
2010-06,Fiat,102,09
2010-06,Renault,73,07
2010-06,MINI,34,03
2010-06,Alfa Romeo,26,02
2010-06,Porsche,22,02
2010-06,Lexus,20,02
2010-06,Saab,19,02
2010-06,Land Rover,18,02
2010-06,Iveco,15,01
2010-06,Think,13,01
2010-06,Jaguar,12,01
2010-06,Daihatsu,8,01
2010-06,Smart,8,01
2010-06,Dodge,7,01
2010-06,Morgan,4,0
2010-06,Tesla,4,0
2010-06,Chevrolet,3,0
2010-06,Aston Martin,3,0
2010-06,Bentley,1,0
2010-06,Chevrolet US,1,0
2010-07,Volkswagen,1916,167
2010-07,Toyota,1694,147
2010-07,Volvo,1018,88
2010-07,Ford,1013,88
2010-07,Audi,659,57
2010-07,Peugeot,635,55
2010-07,Skoda,622,54
2010-07,Hyundai,472,41
2010-07,BMW,442,38
2010-07,Nissan,410,36
2010-07,Mercedes-Benz,372,32
2010-07,Opel,341,3
2010-07,Mitsubishi,297,26
2010-07,Subaru,279,24
2010-07,Citroen,251,22
2010-07,Suzuki,248,22
2010-07,Mazda,205,18
2010-07,Kia,153,13
2010-07,Honda,140,12
2010-07,Fiat,89,08
2010-07,Renault,59,05
2010-07,Alfa Romeo,56,05
2010-07,Saab,34,03
2010-07,MINI,19,02
2010-07,Porsche,16,01
2010-07,Think,11,01
2010-07,Lexus,11,01
2010-07,Smart,11,01
2010-07,Dodge,7,01
2010-07,Land Rover,7,01
2010-07,Daihatsu,6,01
2010-07,Jaguar,5,0
2010-07,Iveco,5,0
2010-07,Chevrolet,1,0
2010-07,Aston Martin,1,0
2010-07,Chrysler,1,0
2010-07,Isuzu,1,0
2010-08,Toyota,1529,147
2010-08,Volkswagen,1458,14
2010-08,Ford,1102,106
2010-08,Peugeot,597,57
2010-08,Audi,560,54
2010-08,Volvo,530,51
2010-08,Skoda,507,49
2010-08,BMW,447,43
2010-08,Mercedes-Benz,389,37
2010-08,Mitsubishi,387,37
2010-08,Citroen,384,37
2010-08,Opel,380,36
2010-08,Nissan,365,35
2010-08,Hyundai,319,31
2010-08,Subaru,293,28
2010-08,Honda,257,25
2010-08,Suzuki,187,18
2010-08,Mazda,184,18
2010-08,Kia,155,15
2010-08,Fiat,124,12
2010-08,Think,54,05
2010-08,Renault,33,03
2010-08,Saab,33,03
2010-08,Alfa Romeo,25,02
2010-08,MINI,25,02
2010-08,Porsche,21,02
2010-08,Lexus,20,02
2010-08,Smart,13,01
2010-08,Land Rover,7,01
2010-08,Dodge,6,01
2010-08,Daihatsu,6,01
2010-08,Jaguar,6,01
2010-08,Jeep,5,0
2010-08,Morgan,2,0
2010-08,Iveco,1,0
2010-08,Chrysler,1,0
2010-08,Tesla,1,0
2010-08,Chevrolet US,1,0
2010-09,Volkswagen,1575,141
2010-09,Toyota,1461,131
2010-09,Ford,1190,107
2010-09,Volvo,827,74
2010-09,Peugeot,690,62
2010-09,Mitsubishi,681,61
2010-09,Skoda,559,5
2010-09,BMW,556,5
2010-09,Audi,467,42
2010-09,Nissan,441,4
2010-09,Mercedes-Benz,403,36
2010-09,Hyundai,338,3
2010-09,Subaru,338,3
2010-09,Mazda,280,25
2010-09,Citroen,268,24
2010-09,Opel,260,23
2010-09,Suzuki,200,18
2010-09,Honda,198,18
2010-09,Kia,123,11
2010-09,Fiat,77,07
2010-09,Think,48,04
2010-09,MINI,36,03
2010-09,Saab,23,02
2010-09,Porsche,23,02
2010-09,Alfa Romeo,17,02
2010-09,Renault,12,01
2010-09,Daihatsu,11,01
2010-09,Smart,10,01
2010-09,Lexus,9,01
2010-09,Land Rover,7,01
2010-09,Jaguar,2,0
2010-09,Chrysler,2,0
2010-09,Dodge,1,0
2010-09,Jeep,1,0
2010-09,Chevrolet,1,0
2010-09,Tesla,1,0
2010-09,Lancia,1,0
2010-10,Volkswagen,1659,155
2010-10,Toyota,1379,129
2010-10,Volvo,922,86
2010-10,Ford,887,83
2010-10,Peugeot,638,6
2010-10,Skoda,603,56
2010-10,Audi,526,49
2010-10,BMW,517,48
2010-10,Nissan,475,44
2010-10,Mitsubishi,465,44
2010-10,Mercedes-Benz,380,36
2010-10,Citroen,337,32
2010-10,Hyundai,312,29
2010-10,Opel,309,29
2010-10,Subaru,249,23
2010-10,Mazda,216,2
2010-10,Suzuki,205,19
2010-10,Honda,143,13
2010-10,Kia,123,12
2010-10,Fiat,110,1
2010-10,Saab,47,04
2010-10,Renault,45,04
2010-10,Think,38,04
2010-10,MINI,31,03
2010-10,Alfa Romeo,18,02
2010-10,Porsche,14,01
2010-10,Smart,13,01
2010-10,Jaguar,6,01
2010-10,Daihatsu,5,0
2010-10,Lexus,3,0
2010-10,Land Rover,3,0
2010-10,Tesla,2,0
2010-10,Dodge,1,0
2010-10,Jeep,1,0
2010-10,Isuzu,1,0
2010-11,Volkswagen,1824,153
2010-11,Toyota,1511,127
2010-11,Ford,1331,112
2010-11,Volvo,939,79
2010-11,Skoda,666,56
2010-11,BMW,647,54
2010-11,Audi,560,47
2010-11,Mitsubishi,548,46
2010-11,Peugeot,496,42
2010-11,Nissan,481,4
2010-11,Mercedes-Benz,448,38
2010-11,Hyundai,376,32
2010-11,Subaru,318,27
2010-11,Opel,315,26
2010-11,Citroen,304,26
2010-11,Honda,254,21
2010-11,Mazda,212,18
2010-11,Suzuki,195,16
2010-11,Kia,124,1
2010-11,Saab,70,06
2010-11,Fiat,63,05
2010-11,Renault,53,04
2010-11,MINI,47,04
2010-11,Think,29,02
2010-11,Alfa Romeo,23,02
2010-11,Porsche,18,02
2010-11,Smart,17,01
2010-11,Lexus,9,01
2010-11,Iveco,8,01
2010-11,Daihatsu,7,01
2010-11,Jaguar,5,0
2010-11,Land Rover,4,0
2010-11,Chevrolet,1,0
2010-11,Tesla,1,0
2010-11,Isuzu,1,0
2010-11,Ssangyong,1,0
2010-11,Ferrari,1,0
2010-11,Nilsson,1,0
2010-12,Volvo,1314,13
2010-12,Volkswagen,1298,128
2010-12,Ford,1226,121
2010-12,Toyota,668,66
2010-12,Skoda,590,58
2010-12,Audi,526,52
2010-12,Mitsubishi,525,52
2010-12,BMW,502,5
2010-12,Mercedes-Benz,463,46
2010-12,Peugeot,398,39
2010-12,Nissan,316,31
2010-12,Citroen,315,31
2010-12,Honda,301,3
2010-12,Hyundai,276,27
2010-12,Subaru,246,24
2010-12,Opel,242,24
2010-12,Mazda,221,22
2010-12,Suzuki,220,22
2010-12,Fiat,93,09
2010-12,Kia,79,08
2010-12,Saab,76,07
2010-12,Renault,53,05
2010-12,Alfa Romeo,49,05
2010-12,MINI,41,04
2010-12,Porsche,25,02
2010-12,Land Rover,19,02
2010-12,Think,18,02
2010-12,Smart,10,01
2010-12,Lexus,7,01
2010-12,Daihatsu,7,01
2010-12,Jaguar,5,0
2010-12,Jeep,2,0
2010-12,Tesla,2,0
2010-12,Ssangyong,2,0
2010-12,Chevrolet,1,0
2011-01,Volkswagen,1665,161
2011-01,Toyota,1557,15
2011-01,Ford,840,81
2011-01,Volvo,656,63
2011-01,Peugeot,548,53
2011-01,Skoda,516,5
2011-01,Nissan,509,49
2011-01,BMW,463,45
2011-01,Suzuki,424,41
2011-01,Audi,421,41
2011-01,Mitsubishi,409,39
2011-01,Hyundai,383,37
2011-01,Opel,375,36
2011-01,Mercedes-Benz,361,35
2011-01,Citroen,291,28
2011-01,Subaru,194,19
2011-01,Honda,164,16
2011-01,Kia,146,14
2011-01,Mazda,132,13
2011-01,Alfa Romeo,62,06
2011-01,Renault,62,06
2011-01,MINI,49,05
2011-01,Fiat,39,04
2011-01,Saab,34,03
2011-01,Lexus,17,02
2011-01,Porsche,15,01
2011-01,Think,12,01
2011-01,Smart,11,01
2011-01,Daihatsu,6,01
2011-01,Jaguar,3,0
2011-01,Chrysler,2,0
2011-01,Nilsson,2,0
2011-01,Chevrolet,1,0
2011-01,Jeep,1,0
2011-01,Land Rover,1,0
2011-01,Tesla,1,0
2011-02,Volkswagen,1501,142
2011-02,Toyota,1270,12
2011-02,Ford,997,95
2011-02,Volvo,932,88
2011-02,Audi,633,6
2011-02,Skoda,601,57
2011-02,Mitsubishi,488,46
2011-02,BMW,483,46
2011-02,Nissan,481,46
2011-02,Peugeot,463,44
2011-02,Hyundai,401,38
2011-02,Opel,367,35
2011-02,Mercedes-Benz,342,32
2011-02,Suzuki,254,24
2011-02,Citroen,252,24
2011-02,Subaru,237,22
2011-02,Kia,192,18
2011-02,Mazda,175,17
2011-02,Honda,146,14
2011-02,Fiat,63,06
2011-02,Saab,58,06
2011-02,MINI,45,04
2011-02,Think,39,04
2011-02,Alfa Romeo,38,04
2011-02,Renault,33,03
2011-02,Porsche,13,01
2011-02,Smart,12,01
2011-02,Daihatsu,7,01
2011-02,Nilsson,5,0
2011-02,Lexus,4,0
2011-02,Jaguar,4,0
2011-02,Land Rover,3,0
2011-02,Chevrolet,2,0
2011-02,Chrysler,1,0
2011-02,Tesla,1,0
2011-03,Volkswagen,1908,148
2011-03,Toyota,1604,124
2011-03,Ford,1105,86
2011-03,Volvo,1104,86
2011-03,Mitsubishi,872,68
2011-03,Peugeot,701,54
2011-03,Audi,676,52
2011-03,Skoda,546,42
2011-03,BMW,540,42
2011-03,Opel,526,41
2011-03,Nissan,525,41
2011-03,Hyundai,508,39
2011-03,Subaru,334,26
2011-03,Suzuki,318,25
2011-03,Citroen,316,24
2011-03,Mercedes-Benz,311,24
2011-03,Honda,265,21
2011-03,Kia,184,14
2011-03,Mazda,122,09
2011-03,Saab,76,06
2011-03,Lexus,73,06
2011-03,Renault,67,05
2011-03,Alfa Romeo,53,04
2011-03,Fiat,52,04
2011-03,MINI,51,04
2011-03,Think,14,01
2011-03,Porsche,10,01
2011-03,Smart,9,01
2011-03,Daihatsu,7,01
2011-03,Land Rover,7,01
2011-03,Jaguar,6,0
2011-03,Tesla,5,0
2011-03,Isuzu,2,0
2011-03,Nilsson,1,0
2011-03,Chevrolet,1,0
2011-03,Aston Martin,1,0
2011-03,Ssangyong,1,0
2011-04,Volkswagen,1845,163
2011-04,Toyota,1253,111
2011-04,Mitsubishi,987,87
2011-04,Volvo,878,77
2011-04,Ford,835,74
2011-04,Audi,653,58
2011-04,Skoda,653,58
2011-04,Peugeot,595,53
2011-04,BMW,521,46
2011-04,Nissan,467,41
2011-04,Opel,407,36
2011-04,Mercedes-Benz,358,32
2011-04,Hyundai,357,32
2011-04,Citroen,262,23
2011-04,Suzuki,241,21
2011-04,Mazda,169,15
2011-04,Kia,165,15
2011-04,Subaru,143,13
2011-04,Honda,143,13
2011-04,Lexus,69,06
2011-04,Renault,67,06
2011-04,MINI,61,05
2011-04,Saab,54,05
2011-04,Fiat,47,04
2011-04,Alfa Romeo,33,03
2011-04,Ssangyong,24,02
2011-04,Land Rover,9,01
2011-04,Smart,7,01
2011-04,Think,6,01
2011-04,Porsche,6,01
2011-04,Daihatsu,4,0
2011-04,Jaguar,3,0
2011-04,Tesla,3,0
2011-04,Chevrolet,2,0
2011-04,Aston Martin,2,0
2011-04,Dacia,1,0
2011-05,Volkswagen,1822,14
2011-05,Toyota,1306,10
2011-05,Volvo,1084,83
2011-05,Ford,1067,82
2011-05,Peugeot,1018,78
2011-05,Mitsubishi,827,64
2011-05,Audi,720,55
2011-05,BMW,714,55
2011-05,Skoda,585,45
2011-05,Opel,561,43
2011-05,Nissan,537,41
2011-05,Mercedes-Benz,463,36
2011-05,Hyundai,447,34
2011-05,Citroen,374,29
2011-05,Kia,239,18
2011-05,Honda,218,17
2011-05,Suzuki,211,16
2011-05,Mazda,178,14
2011-05,Subaru,175,13
2011-05,Renault,120,09
2011-05,Fiat,75,06
2011-05,MINI,67,05
2011-05,Alfa Romeo,61,05
2011-05,Lexus,41,03
2011-05,Saab,24,02
2011-05,Ssangyong,19,01
2011-05,Think,14,01
2011-05,Porsche,13,01
2011-05,Land Rover,8,01
2011-05,Smart,7,01
2011-05,Tesla,4,0
2011-05,Daihatsu,1,0
2011-05,Nilsson,1,0
2011-05,Chevrolet,1,0
2011-05,Isuzu,1,0
2011-05,Ferrari,1,0
2011-05,Morgan,1,0
2011-06,Volkswagen,1222,118
2011-06,Ford,1085,105
2011-06,Toyota,876,85
2011-06,Volvo,853,82
2011-06,Audi,658,64
2011-06,Skoda,623,6
2011-06,Mitsubishi,578,56
2011-06,Peugeot,571,55
2011-06,BMW,533,51
2011-06,Hyundai,522,5
2011-06,Opel,423,41
2011-06,Nissan,418,4
2011-06,Mercedes-Benz,394,38
2011-06,Citroen,345,33
2011-06,Honda,232,22
2011-06,Suzuki,203,2
2011-06,Mazda,173,17
2011-06,Kia,171,17
2011-06,Subaru,122,12
2011-06,Renault,79,08
2011-06,Fiat,67,06
2011-06,MINI,57,06
2011-06,Alfa Romeo,34,03
2011-06,Think,26,03
2011-06,Lexus,22,02
2011-06,Saab,19,02
2011-06,Porsche,17,02
2011-06,Smart,8,01
2011-06,Ssangyong,6,01
2011-06,Land Rover,4,0
2011-06,Tesla,4,0
2011-06,Daihatsu,3,0
2011-06,Jaguar,2,0
2011-06,Aston Martin,1,0
2011-06,Jeep,1,0
2011-06,Morgan,1,0
2011-06,Lancia,1,0
2011-07,Volkswagen,1590,142
2011-07,Toyota,1325,118
2011-07,Volvo,1134,101
2011-07,Ford,901,81
2011-07,Mitsubishi,707,63
2011-07,Skoda,646,58
2011-07,Peugeot,635,57
2011-07,Audi,630,56
2011-07,BMW,496,44
2011-07,Nissan,456,41
2011-07,Opel,419,37
2011-07,Mercedes-Benz,403,36
2011-07,Hyundai,341,3
2011-07,Citroen,307,27
2011-07,Suzuki,252,23
2011-07,Kia,192,17
2011-07,Mazda,165,15
2011-07,Subaru,141,13
2011-07,Honda,101,09
2011-07,MINI,86,08
2011-07,Renault,83,07
2011-07,Fiat,51,05
2011-07,Alfa Romeo,45,04
2011-07,Lexus,24,02
2011-07,Porsche,15,01
2011-07,Ssangyong,10,01
2011-07,Saab,7,01
2011-07,Smart,6,01
2011-07,Land Rover,6,01
2011-07,Jaguar,5,0
2011-07,Think,3,0
2011-07,Tesla,3,0
2011-07,Nilsson,2,0
2011-07,Daihatsu,1,0
2011-07,Chevrolet,1,0
2011-08,Volkswagen,1827,159
2011-08,Toyota,1284,112
2011-08,Ford,1248,109
2011-08,Volvo,687,6
2011-08,Skoda,648,57
2011-08,Mitsubishi,635,55
2011-08,Hyundai,622,54
2011-08,Audi,588,51
2011-08,Peugeot,557,49
2011-08,BMW,449,39
2011-08,Nissan,403,35
2011-08,Opel,400,35
2011-08,Mercedes-Benz,375,33
2011-08,Suzuki,300,26
2011-08,Citroen,283,25
2011-08,Kia,241,21
2011-08,Subaru,190,17
2011-08,Honda,181,16
2011-08,Mazda,134,12
2011-08,MINI,87,08
2011-08,Renault,82,07
2011-08,Fiat,69,06
2011-08,Lexus,53,05
2011-08,Alfa Romeo,50,04
2011-08,Porsche,20,02
2011-08,Saab,10,01
2011-08,Smart,9,01
2011-08,Land Rover,9,01
2011-08,Think,6,01
2011-08,Ssangyong,6,01
2011-08,Chevrolet,3,0
2011-08,Dacia,2,0
2011-08,Daihatsu,1,0
2011-08,Jaguar,1,0
2011-08,Tesla,1,0
2011-08,Aston Martin,1,0
2011-08,Morgan,1,0
2011-08,Infiniti,1,0
2011-09,Volkswagen,1674,143
2011-09,Toyota,1313,112
2011-09,Volvo,1178,10
2011-09,Ford,1107,94
2011-09,Peugeot,729,62
2011-09,Skoda,691,59
2011-09,Audi,581,5
2011-09,Nissan,548,47
2011-09,Mitsubishi,537,46
2011-09,BMW,531,45
2011-09,Hyundai,450,38
2011-09,Mercedes-Benz,363,31
2011-09,Opel,326,28
2011-09,Citroen,290,25
2011-09,Suzuki,267,23
2011-09,Kia,237,2
2011-09,Honda,199,17
2011-09,Subaru,178,15
2011-09,Mazda,107,09
2011-09,MINI,85,07
2011-09,Fiat,73,06
2011-09,Lexus,70,06
2011-09,Renault,65,06
2011-09,Alfa Romeo,41,03
2011-09,Land Rover,24,02
2011-09,Ssangyong,15,01
2011-09,Saab,10,01
2011-09,Porsche,10,01
2011-09,Smart,10,01
2011-09,Jaguar,10,01
2011-09,Think,5,0
2011-09,Aston Martin,4,0
2011-09,Chevrolet,2,0
2011-09,Jeep,2,0
2011-09,Daihatsu,1,0
2011-09,Tesla,1,0
2011-09,Iveco,1,0
2011-09,Lotus,1,0
2011-09,Secma,1,0
2011-10,Volkswagen,1854,161
2011-10,Toyota,1218,106
2011-10,Ford,1147,99
2011-10,Volvo,1061,92
2011-10,Skoda,770,67
2011-10,BMW,639,55
2011-10,Audi,587,51
2011-10,Peugeot,535,46
2011-10,Mitsubishi,502,43
2011-10,Nissan,438,38
2011-10,Hyundai,432,37
2011-10,Mercedes-Benz,373,32
2011-10,Citroen,370,32
2011-10,Opel,308,27
2011-10,Subaru,242,21
2011-10,Suzuki,224,19
2011-10,Kia,200,17
2011-10,Honda,131,11
2011-10,Mazda,97,08
2011-10,MINI,83,07
2011-10,Fiat,74,06
2011-10,Lexus,57,05
2011-10,Renault,55,05
2011-10,Land Rover,49,04
2011-10,Alfa Romeo,27,02
2011-10,Porsche,18,02
2011-10,Iveco,12,01
2011-10,Ssangyong,11,01
2011-10,Think,8,01
2011-10,Smart,5,0
2011-10,Chevrolet,4,0
2011-10,Saab,4,0
2011-10,Jaguar,2,0
2011-10,Dacia,2,0
2011-10,Jeep,1,0
2011-10,Tesla,1,0
2011-10,Daihatsu,1,0
2011-10,Lotus,1,0
2011-11,Volkswagen,1960,159
2011-11,Toyota,1298,105
2011-11,Ford,1282,104
2011-11,Volvo,1193,97
2011-11,Mitsubishi,702,57
2011-11,Peugeot,622,5
2011-11,Nissan,618,5
2011-11,Audi,601,49
2011-11,Skoda,593,48
2011-11,BMW,591,48
2011-11,Hyundai,543,44
2011-11,Mercedes-Benz,406,33
2011-11,Opel,339,27
2011-11,Citroen,302,24
2011-11,Suzuki,250,2
2011-11,Kia,246,2
2011-11,Subaru,190,15
2011-11,Mazda,166,13
2011-11,Honda,106,09
2011-11,Renault,77,06
2011-11,MINI,63,05
2011-11,Fiat,53,04
2011-11,Land Rover,49,04
2011-11,Lexus,31,03
2011-11,Alfa Romeo,26,02
2011-11,Porsche,14,01
2011-11,Ssangyong,9,01
2011-11,Iveco,7,01
2011-11,Jaguar,6,0
2011-11,Smart,4,0
2011-11,Think,2,0
2011-11,Chevrolet,2,0
2011-11,Nilsson,2,0
2011-11,Aston Martin,2,0
2011-11,Daihatsu,1,0
2011-11,Tesla,1,0
2011-12,Volkswagen,2030,176
2011-12,Ford,1377,119
2011-12,Volvo,1235,107
2011-12,Toyota,932,81
2011-12,Skoda,748,65
2011-12,Audi,603,52
2011-12,Mitsubishi,598,52
2011-12,Hyundai,498,43
2011-12,Peugeot,453,39
2011-12,Nissan,432,37
2011-12,Kia,401,35
2011-12,Mercedes-Benz,395,34
2011-12,BMW,328,28
2011-12,Citroen,274,24
2011-12,Opel,265,23
2011-12,Subaru,221,19
2011-12,Mazda,144,12
2011-12,Suzuki,138,12
2011-12,Honda,122,11
2011-12,Renault,90,08
2011-12,MINI,79,07
2011-12,Land Rover,46,04
2011-12,Fiat,43,04
2011-12,Alfa Romeo,34,03
2011-12,Lexus,16,01
2011-12,Ssangyong,10,01
2011-12,Porsche,8,01
2011-12,Jeep,7,01
2011-12,Smart,6,01
2011-12,Jaguar,4,0
2011-12,Tesla,3,0
2011-12,Chevrolet,3,0
2011-12,Saab,2,0
2011-12,Think,2,0
2011-12,Daihatsu,1,0
2011-12,Iveco,1,0
2011-12,Chevrolet US,1,0
2012-01,Volkswagen,1528,141
2012-01,Toyota,1388,128
2012-01,Volvo,911,84
2012-01,Ford,828,76
2012-01,Audi,789,73
2012-01,BMW,721,67
2012-01,Nissan,673,62
2012-01,Peugeot,493,45
2012-01,Mercedes-Benz,461,43
2012-01,Skoda,430,4
2012-01,Mitsubishi,406,37
2012-01,Opel,327,3
2012-01,Hyundai,312,29
2012-01,Kia,302,28
2012-01,Suzuki,250,23
2012-01,Citroen,239,22
2012-01,Subaru,168,16
2012-01,Mazda,122,11
2012-01,Lexus,94,09
2012-01,MINI,86,08
2012-01,Land Rover,69,06
2012-01,Honda,58,05
2012-01,Porsche,46,04
2012-01,Fiat,41,04
2012-01,Renault,41,04
2012-01,Alfa Romeo,20,02
2012-01,Jeep,19,02
2012-01,Ssangyong,4,0
2012-01,Smart,3,0
2012-01,Tesla,2,0
2012-01,Aston Martin,1,0
2012-01,Bentley,1,0
2012-01,Cadillac,1,0
2012-01,Chevrolet,1,0
2012-01,Ferrari,1,0
2012-01,Jaguar,1,0
2012-01,Saab,1,0
2012-02,Toyota,1465,134
2012-02,Volkswagen,1340,123
2012-02,Ford,862,79
2012-02,Volvo,800,73
2012-02,Audi,641,59
2012-02,Nissan,614,56
2012-02,BMW,598,55
2012-02,Skoda,543,5
2012-02,Peugeot,527,48
2012-02,Hyundai,485,44
2012-02,Mercedes-Benz,429,39
2012-02,Kia,424,39
2012-02,Mitsubishi,369,34
2012-02,Citroen,331,3
2012-02,Opel,321,29
2012-02,Subaru,312,29
2012-02,Suzuki,171,16
2012-02,Honda,145,13
2012-02,Mazda,144,13
2012-02,Land Rover,100,09
2012-02,MINI,77,07
2012-02,Renault,60,05
2012-02,Fiat,46,04
2012-02,Lexus,33,03
2012-02,Alfa Romeo,27,02
2012-02,Jeep,21,02
2012-02,Porsche,20,02
2012-02,Ssangyong,3,0
2012-02,Smart,3,0
2012-02,Jaguar,3,0
2012-02,Chevrolet,2,0
2012-02,Saab,2,0
2012-02,Bentley,1,0
2012-02,Cadillac,1,0
2012-02,Ferrari,1,0
2012-02,Dacia,1,0
2012-02,Martin Motors,1,0
2012-02,Nilsson,1,0
2012-02,Think,1,0
2012-03,Toyota,1834,141
2012-03,Volkswagen,1701,13
2012-03,Ford,1255,96
2012-03,Volvo,1127,86
2012-03,Audi,747,57
2012-03,BMW,672,51
2012-03,Nissan,669,51
2012-03,Hyundai,602,46
2012-03,Skoda,531,41
2012-03,Mercedes-Benz,518,4
2012-03,Peugeot,484,37
2012-03,Mitsubishi,437,33
2012-03,Kia,411,31
2012-03,Opel,376,29
2012-03,Subaru,315,24
2012-03,Citroen,313,24
2012-03,Suzuki,229,18
2012-03,Mazda,192,15
2012-03,Honda,161,12
2012-03,Land Rover,87,07
2012-03,Fiat,80,06
2012-03,MINI,65,05
2012-03,Renault,65,05
2012-03,Lexus,52,04
2012-03,Alfa Romeo,48,04
2012-03,Porsche,20,02
2012-03,Jeep,20,02
2012-03,Jaguar,17,01
2012-03,Ssangyong,5,0
2012-03,Smart,5,0
2012-03,Tesla,4,0
2012-03,Think,3,0
2012-03,Chevrolet,2,0
2012-03,Morgan,2,0
2012-03,Saab,1,0
2012-03,Ferrari,1,0
2012-04,Volkswagen,2107,194
2012-04,Toyota,1364,125
2012-04,Volvo,928,85
2012-04,Ford,741,68
2012-04,Audi,703,65
2012-04,Skoda,652,6
2012-04,BMW,625,57
2012-04,Nissan,436,4
2012-04,Mercedes-Benz,415,38
2012-04,Mitsubishi,396,36
2012-04,Hyundai,392,36
2012-04,Peugeot,391,36
2012-04,Kia,338,31
2012-04,Opel,301,28
2012-04,Citroen,204,19
2012-04,Mazda,183,17
2012-04,Subaru,174,16
2012-04,Suzuki,114,1
2012-04,Honda,84,08
2012-04,MINI,67,06
2012-04,Land Rover,65,06
2012-04,Fiat,47,04
2012-04,Lexus,39,04
2012-04,Renault,34,03
2012-04,Porsche,23,02
2012-04,Jeep,20,02
2012-04,Alfa Romeo,19,02
2012-04,Tesla,4,0
2012-04,Smart,3,0
2012-04,Think,2,0
2012-04,Ssangyong,1,0
2012-04,Morgan,1,0
2012-04,Aston Martin,1,0
2012-04,Dacia,1,0
2012-04,NA,1,0
2012-05,Volkswagen,1712,136
2012-05,Toyota,1508,12
2012-05,Volvo,1099,87
2012-05,Ford,1019,81
2012-05,Audi,825,65
2012-05,Hyundai,683,54
2012-05,BMW,670,53
2012-05,Peugeot,655,52
2012-05,Nissan,589,47
2012-05,Mitsubishi,477,38
2012-05,Skoda,469,37
2012-05,Kia,455,36
2012-05,Mercedes-Benz,449,36
2012-05,Citroen,338,27
2012-05,Subaru,321,25
2012-05,Opel,318,25
2012-05,Mazda,225,18
2012-05,Suzuki,198,16
2012-05,Honda,167,13
2012-05,MINI,103,08
2012-05,Land Rover,58,05
2012-05,Renault,57,05
2012-05,Lexus,52,04
2012-05,Fiat,51,04
2012-05,Porsche,32,03
2012-05,Jeep,29,02
2012-05,Alfa Romeo,27,02
2012-05,Smart,9,01
2012-05,Jaguar,3,0
2012-05,Tesla,3,0
2012-05,Ssangyong,2,0
2012-05,Chevrolet,2,0
2012-05,Saab,2,0
2012-05,Think,1,0
2012-05,Cadillac,1,0
2012-05,Fisker,1,0
2012-05,Iveco,1,0
2012-05,Westfield,1,0
2012-06,Volkswagen,1480,134
2012-06,Toyota,1264,114
2012-06,Ford,1120,101
2012-06,Volvo,890,81
2012-06,BMW,621,56
2012-06,Audi,578,52
2012-06,Skoda,573,52
2012-06,Hyundai,522,47
2012-06,Peugeot,516,47
2012-06,Nissan,477,43
2012-06,Kia,380,34
2012-06,Mercedes-Benz,355,32
2012-06,Citroen,347,31
2012-06,Mitsubishi,340,31
2012-06,Mazda,303,27
2012-06,Opel,292,26
2012-06,Subaru,274,25
2012-06,Honda,191,17
2012-06,Suzuki,137,12
2012-06,Renault,110,1
2012-06,MINI,56,05
2012-06,Land Rover,52,05
2012-06,Fiat,46,04
2012-06,Lexus,35,03
2012-06,Porsche,30,03
2012-06,Jeep,17,02
2012-06,Alfa Romeo,16,01
2012-06,Tesla,5,0
2012-06,Jaguar,4,0
2012-06,Smart,4,0
2012-06,Ssangyong,4,0
2012-06,Chevrolet,2,0
2012-06,Fisker,2,0
2012-06,Nilsson,2,0
2012-06,Think,1,0
2012-06,Saab,1,0
2012-06,Ferrari,1,0
2012-06,Morgan,1,0
2012-06,Dacia,1,0
2012-06,Iveco,1,0
2012-06,NA,1,0
2012-06,Isuzu,1,0
2012-07,Volkswagen,2031,17
2012-07,Toyota,1342,113
2012-07,Volvo,917,77
2012-07,Ford,841,71
2012-07,Audi,836,7
2012-07,Skoda,781,66
2012-07,Nissan,595,5
2012-07,BMW,537,45
2012-07,Peugeot,512,43
2012-07,Hyundai,478,4
2012-07,Kia,404,34
2012-07,Mercedes-Benz,380,32
2012-07,Mitsubishi,374,31
2012-07,Subaru,371,31
2012-07,Mazda,319,27
2012-07,Opel,316,27
2012-07,Citroen,286,24
2012-07,Suzuki,135,11
2012-07,Honda,105,09
2012-07,Fiat,68,06
2012-07,Renault,66,06
2012-07,Land Rover,47,04
2012-07,MINI,46,04
2012-07,Lexus,44,04
2012-07,Porsche,38,03
2012-07,Alfa Romeo,17,01
2012-07,Jeep,15,01
2012-07,Ssangyong,5,0
2012-07,Tesla,3,0
2012-07,Saab,2,0
2012-07,Isuzu,2,0
2012-07,Jaguar,1,0
2012-07,Smart,1,0
2012-07,Chevrolet,1,0
2012-07,Think,1,0
2012-07,Fisker,1,0
2012-07,Aston Martin,1,0
2012-07,NA,1,0
2012-08,Volkswagen,1873,159
2012-08,Toyota,1547,131
2012-08,Ford,911,77
2012-08,Audi,767,65
2012-08,Peugeot,657,56
2012-08,Skoda,643,55
2012-08,Volvo,609,52
2012-08,BMW,579,49
2012-08,Nissan,553,47
2012-08,Kia,464,39
2012-08,Mercedes-Benz,457,39
2012-08,Hyundai,432,37
2012-08,Subaru,361,31
2012-08,Citroen,348,3
2012-08,Mitsubishi,341,29
2012-08,Opel,266,23
2012-08,Mazda,248,21
2012-08,Suzuki,164,14
2012-08,Honda,162,14
2012-08,Fiat,69,06
2012-08,MINI,61,05
2012-08,Renault,59,05
2012-08,Land Rover,49,04
2012-08,Lexus,42,04
2012-08,Alfa Romeo,39,03
2012-08,Porsche,34,03
2012-08,Jeep,21,02
2012-08,Smart,9,01
2012-08,Think,5,0
2012-08,Mia,5,0
2012-08,Jaguar,4,0
2012-08,Tesla,3,0
2012-08,Ssangyong,2,0
2012-08,Chevrolet,1,0
2012-08,Saab,1,0
2012-08,Bentley,1,0
2012-08,Dodge,1,0
2012-08,McLaren,1,0
2012-08,Seat,1,0
2012-09,Volkswagen,1445,13
2012-09,Toyota,1387,125
2012-09,Volvo,945,85
2012-09,Ford,930,84
2012-09,Audi,578,52
2012-09,Nissan,575,52
2012-09,BMW,572,51
2012-09,Mercedes-Benz,501,45
2012-09,Peugeot,490,44
2012-09,Kia,471,42
2012-09,Skoda,463,42
2012-09,Mitsubishi,429,39
2012-09,Subaru,400,36
2012-09,Hyundai,399,36
2012-09,Citroen,389,35
2012-09,Mazda,319,29
2012-09,Opel,299,27
2012-09,Suzuki,176,16
2012-09,Honda,117,11
2012-09,MINI,61,05
2012-09,Fiat,47,04
2012-09,Renault,30,03
2012-09,Lexus,25,02
2012-09,Alfa Romeo,24,02
2012-09,Porsche,16,01
2012-09,Land Rover,15,01
2012-09,Jeep,11,01
2012-09,Smart,5,0
2012-09,Ssangyong,4,0
2012-09,Tesla,3,0
2012-09,Think,3,0
2012-09,Chevrolet US,2,0
2012-09,Chevrolet,1,0
2012-09,Aston Martin,1,0
2012-9,Nilsson,1,0
2012-10,Volkswagen,1848,149
2012-10,Toyota,1640,132
2012-10,Ford,1017,82
2012-10,Volvo,969,78
2012-10,BMW,686,55
2012-10,Peugeot,669,54
2012-10,Audi,654,53
2012-10,Skoda,611,49
2012-10,Nissan,599,48
2012-10,Mercedes-Benz,466,38
2012-10,Kia,458,37
2012-10,Hyundai,432,35
2012-10,Mitsubishi,381,31
2012-10,Mazda,341,27
2012-10,Subaru,334,27
2012-10,Opel,319,26
2012-10,Citroen,280,23
2012-10,Suzuki,176,14
2012-10,Honda,143,12
2012-10,MINI,98,08
2012-10,Fiat,57,05
2012-10,Renault,56,05
2012-10,Land Rover,39,03
2012-10,Lexus,39,03
2012-10,Porsche,31,02
2012-10,Alfa Romeo,27,02
2012-10,Jeep,24,02
2012-10,Chevrolet,4,0
2012-10,Smart,3,0
2012-10,Tesla,3,0
2012-10,Jaguar,2,0
2012-10,Ssangyong,2,0
2012-10,Mia,2,0
2012-10,Morgan,1,0
2012-10,Nilsson,1,0
2012-10,Bentley,1,0
2012-11,Volkswagen,2064,172
2012-11,Toyota,1380,115
2012-11,Volvo,1090,91
2012-11,Ford,741,62
2012-11,Audi,702,59
2012-11,BMW,640,53
2012-11,Nissan,567,47
2012-11,Kia,560,47
2012-11,Peugeot,539,45
2012-11,Mercedes-Benz,523,44
2012-11,Skoda,517,43
2012-11,Mitsubishi,396,33
2012-11,Hyundai,371,31
2012-11,Opel,323,27
2012-11,Subaru,305,25
2012-11,Citroen,282,24
2012-11,Mazda,261,22
2012-11,Suzuki,207,17
2012-11,Honda,205,17
2012-11,MINI,77,06
2012-11,Fiat,55,05
2012-11,Chevrolet,39,03
2012-11,Renault,34,03
2012-11,Land Rover,33,03
2012-11,Lexus,24,02
2012-11,Porsche,19,02
2012-11,Alfa Romeo,13,01
2012-11,Jeep,7,01
2012-11,Jaguar,6,01
2012-11,Fisker,2,0
2012-11,Ssangyong,1,0
2012-11,Saab,1,0
2012-11,Cadillac,1,0
2012-11,Seat,1,0
2012-12,Volkswagen,1378,147
2012-12,Volvo,1265,135
2012-12,Toyota,784,84
2012-12,Ford,742,79
2012-12,Mercedes-Benz,662,71
2012-12,Skoda,580,62
2012-12,Audi,501,53
2012-12,Hyundai,449,48
2012-12,BMW,404,43
2012-12,Nissan,311,33
2012-12,Mitsubishi,308,33
2012-12,Peugeot,276,29
2012-12,Mazda,270,29
2012-12,Kia,250,27
2012-12,Citroen,226,24
2012-12,Subaru,224,24
2012-12,Honda,193,21
2012-12,Opel,158,17
2012-12,Suzuki,103,11
2012-12,Land Rover,70,07
2012-12,MINI,59,06
2012-12,Renault,45,05
2012-12,Fiat,24,03
2012-12,Chevrolet,22,02
2012-12,Porsche,19,02
2012-12,Lexus,14,01
2012-12,Alfa Romeo,6,01
2012-12,Jaguar,6,01
2012-12,Jeep,5,01
2012-12,Smart,3,0
2012-12,Ssangyong,3,0
2012-12,Dacia,3,0
2012-12,Tesla,2,0
2012-12,Think,1,0
2012-12,Mia,1,0
2012-12,Cadillac,1,0
2012-12,Binz,1,0
2013-01,Volkswagen,1680,144
2013-01,Toyota,1287,111
2013-01,Volvo,857,74
2013-01,Ford,679,58
2013-01,BMW,652,56
2013-01,Mazda,646,56
2013-01,Peugeot,639,55
2013-01,Nissan,626,54
2013-01,Mitsubishi,601,52
2013-01,Audi,597,51
2013-01,Mercedes-Benz,485,42
2013-01,Kia,444,38
2013-01,Opel,397,34
2013-01,Skoda,388,33
2013-01,Hyundai,321,28
2013-01,Citroen,274,24
2013-01,Honda,242,21
2013-01,Subaru,238,2
2013-01,Suzuki,176,15
2013-01,MINI,86,07
2013-01,Renault,57,05
2013-01,Land Rover,45,04
2013-01,Lexus,44,04
2013-01,Chevrolet,40,03
2013-01,Porsche,34,03
2013-01,Fiat,29,02
2013-01,Dacia,28,02
2013-01,Alfa Romeo,17,01
2013-01,Jaguar,14,01
2013-01,Jeep,11,01
2013-01,Nilsson,2,0
2013-01,Smart,1,0
2013-01,Ssangyong,1,0
2013-01,Think,1,0
2013-02,Volkswagen,1592,141
2013-02,Toyota,1500,132
2013-02,Volvo,826,73
2013-02,Ford,800,71
2013-02,Audi,641,57
2013-02,Mazda,604,53
2013-02,Mercedes-Benz,563,5
2013-02,Nissan,560,49
2013-02,BMW,533,47
2013-02,Skoda,481,42
2013-02,Peugeot,448,4
2013-02,Kia,441,39
2013-02,Mitsubishi,428,38
2013-02,Honda,332,29
2013-02,Hyundai,309,27
2013-02,Opel,308,27
2013-02,Subaru,270,24
2013-02,Citroen,199,18
2013-02,Suzuki,154,14
2013-02,Fiat,56,05
2013-02,MINI,54,05
2013-02,Land Rover,53,05
2013-02,Lexus,37,03
2013-02,Renault,32,03
2013-02,Chevrolet,30,03
2013-02,Dacia,23,02
2013-02,Porsche,20,02
2013-02,Alfa Romeo,7,01
2013-02,Jeep,7,01
2013-02,Jaguar,3,0
2013-02,Ssangyong,3,0
2013-02,Mia,3,0
2013-02,Think,1,0
2013-02,Aston Martin,1,0
2013-02,Bentley,1,0
2013-02,Fisker,1,0
2013-02,Saab,1,0
2013-03,Volkswagen,1440,134
2013-03,Toyota,1301,121
2013-03,Volvo,826,77
2013-03,Ford,666,62
2013-03,Nissan,620,58
2013-03,Mazda,594,55
2013-03,Audi,488,45
2013-03,Mitsubishi,488,45
2013-03,Skoda,484,45
2013-03,BMW,473,44
2013-03,Hyundai,469,44
2013-03,Mercedes-Benz,460,43
2013-03,Peugeot,390,36
2013-03,Opel,377,35
2013-03,Kia,341,32
2013-03,Honda,298,28
2013-03,Subaru,284,26
2013-03,Citroen,187,17
2013-03,Suzuki,169,16
2013-03,Land Rover,82,08
2013-03,MINI,59,05
2013-03,Renault,56,05
2013-03,Fiat,47,04
2013-03,Lexus,31,03
2013-03,Chevrolet,28,03
2013-03,Porsche,24,02
2013-03,Dacia,18,02
2013-03,Alfa Romeo,9,01
2013-03,Jaguar,7,01
2013-03,Smart,7,01
2013-03,Ssangyong,5,0
2013-03,Jeep,4,0
2013-03,Nilsson,2,0
2013-03,Tesla,1,0
2013-04,Volkswagen,2200,157
2013-04,Toyota,1645,118
2013-04,Volvo,1060,76
2013-04,Audi,987,71
2013-04,Ford,950,68
2013-04,Nissan,814,58
2013-04,Mercedes-Benz,705,5
2013-04,Mitsubishi,648,46
2013-04,BMW,646,46
2013-04,Skoda,625,45
2013-04,Opel,463,33
2013-04,Hyundai,454,32
2013-04,Peugeot,444,32
2013-04,Kia,444,32
2013-04,Mazda,414,3
2013-04,Subaru,325,23
2013-04,Citroen,279,2
2013-04,Honda,250,18
2013-04,Suzuki,163,12
2013-04,MINI,95,07
2013-04,Renault,80,06
2013-04,Fiat,77,06
2013-04,Porsche,49,04
2013-04,Lexus,40,03
2013-04,Chevrolet,35,03
2013-04,Land Rover,29,02
2013-04,Dacia,25,02
2013-04,Alfa Romeo,13,01
2013-04,Jaguar,10,01
2013-04,Jeep,7,01
2013-04,Smart,3,0
2013-04,Ssangyong,2,0
2013-04,Cadillac,2,0
2013-04,Morgan,2,0
2013-04,Think,1,0
2013-04,Aston Martin,1,0
2013-04,Tesla,1,0
2013-05,Toyota,1635,136
2013-05,Volkswagen,1351,112
2013-05,Ford,1010,84
2013-05,Volvo,938,78
2013-05,Audi,699,58
2013-05,BMW,662,55
2013-05,Nissan,645,54
2013-05,Mitsubishi,616,51
2013-05,Mercedes-Benz,592,49
2013-05,Peugeot,491,41
2013-05,Hyundai,468,39
2013-05,Skoda,464,39
2013-05,Kia,409,34
2013-05,Opel,372,31
2013-05,Mazda,338,28
2013-05,Subaru,300,25
2013-05,Honda,230,19
2013-05,Citroen,224,19
2013-05,Suzuki,152,13
2013-05,MINI,97,08
2013-05,Fiat,79,07
2013-05,Renault,73,06
2013-05,Land Rover,36,03
2013-05,Lexus,34,03
2013-05,Chevrolet,26,02
2013-05,Porsche,25,02
2013-05,Dacia,15,01
2013-05,Alfa Romeo,10,01
2013-05,Jaguar,7,01
2013-05,Jeep,7,01
2013-05,Ssangyong,3,0
2013-05,Smart,1,0
2013-05,Nilsson,1,0
2013-05,Saab,1,0
2013-05,Dodge,1,0
2013-06,Volkswagen,1482,135
2013-06,Toyota,1450,132
2013-06,Ford,1084,99
2013-06,Volvo,692,63
2013-06,Nissan,633,58
2013-06,Audi,579,53
2013-06,Mitsubishi,539,49
2013-06,BMW,494,45
2013-06,Hyundai,484,44
2013-06,Mazda,465,42
2013-06,Skoda,434,4
2013-06,Peugeot,371,34
2013-06,Kia,348,32
2013-06,Mercedes-Benz,339,31
2013-06,Subaru,281,26
2013-06,Citroen,250,23
2013-06,Opel,245,22
2013-06,Honda,223,2
2013-06,Suzuki,148,14
2013-06,Fiat,97,09
2013-06,MINI,72,07
2013-06,Chevrolet,67,06
2013-06,Renault,44,04
2013-06,Lexus,35,03
2013-06,Land Rover,29,03
2013-06,Alfa Romeo,21,02
2013-06,Porsche,17,02
2013-06,Dacia,12,01
2013-06,Jaguar,4,0
2013-06,Nilsson,4,0
2013-06,Jeep,2,0
2013-06,Ssangyong,1,0
2013-06,Smart,1,0
2013-06,Think,1,0
2013-07,Toyota,1627,144
2013-07,Volkswagen,1556,138
2013-07,Volvo,901,8
2013-07,Ford,825,73
2013-07,Audi,687,61
2013-07,Nissan,648,57
2013-07,Mazda,644,57
2013-07,BMW,513,45
2013-07,Skoda,502,44
2013-07,Mitsubishi,455,4
2013-07,Mercedes-Benz,418,37
2013-07,Kia,413,37
2013-07,Peugeot,361,32
2013-07,Hyundai,344,3
2013-07,Subaru,301,27
2013-07,Opel,220,19
2013-07,Citroen,212,19
2013-07,Honda,121,11
2013-07,Suzuki,114,1
2013-07,Renault,91,08
2013-07,MINI,79,07
2013-07,Chevrolet,54,05
2013-07,Lexus,53,05
2013-07,Fiat,52,05
2013-07,Porsche,43,04
2013-07,Land Rover,26,02
2013-07,Alfa Romeo,18,02
2013-07,Dacia,14,01
2013-07,Jeep,5,0
2013-07,Tesla,5,0
2013-07,Jaguar,3,0
2013-07,Smart,3,0
2013-07,Morgan,2,0
2013-07,Ssangyong,1,0
2013-07,Aston Martin,1,0
2013-08,Toyota,1666,143
2013-08,Volkswagen,1551,133
2013-08,Ford,897,77
2013-08,Nissan,725,62
2013-08,Audi,645,55
2013-08,Mazda,628,54
2013-08,BMW,620,53
2013-08,Volvo,581,5
2013-08,Peugeot,563,48
2013-08,Skoda,543,47
2013-08,Mercedes-Benz,513,44
2013-08,Kia,402,34
2013-08,Mitsubishi,387,33
2013-08,Hyundai,343,29
2013-08,Opel,238,2
2013-08,Subaru,208,18
2013-08,Tesla,185,16
2013-08,Honda,182,16
2013-08,Citroen,165,14
2013-08,Suzuki,122,1
2013-08,Renault,119,1
2013-08,MINI,88,08
2013-08,Lexus,69,06
2013-08,Chevrolet,64,05
2013-08,Fiat,51,04
2013-08,Porsche,34,03
2013-08,Land Rover,28,02
2013-08,Alfa Romeo,21,02
2013-08,Dacia,13,01
2013-08,Jeep,4,0
2013-08,Jaguar,3,0
2013-08,Smart,1,0
2013-08,Ssangyong,1,0
2013-09,Toyota,1548,127
2013-09,Volkswagen,1512,124
2013-09,Volvo,1098,9
2013-09,Ford,733,6
2013-09,BMW,681,56
2013-09,Skoda,679,56
2013-09,Tesla,616,51
2013-09,Nissan,615,51
2013-09,Mazda,584,48
2013-09,Audi,554,46
2013-09,Kia,480,39
2013-09,Mitsubishi,418,34
2013-09,Mercedes-Benz,415,34
2013-09,Peugeot,402,33
2013-09,Hyundai,337,28
2013-09,Subaru,265,22
2013-09,Opel,250,21
2013-09,Suzuki,199,16
2013-09,Honda,196,16
2013-09,Citroen,181,15
2013-09,Land Rover,73,06
2013-09,MINI,68,06
2013-09,Renault,62,05
2013-09,Chevrolet,60,05
2013-09,Lexus,47,04
2013-09,Fiat,42,03
2013-09,Porsche,17,01
2013-09,Alfa Romeo,11,01
2013-09,Dacia,10,01
2013-09,Smart,5,0
2013-09,Jeep,4,0
2013-09,Mia,2,0
2013-09,Jaguar,1,0
2013-09,Ssangyong,1,0
2013-09,Tazzari,1,0
2013-09,NA,1,0
2013-10,Toyota,1890,147
2013-10,Volkswagen,1550,12
2013-10,Volvo,1147,89
2013-10,Nissan,1075,83
2013-10,Ford,864,67
2013-10,Skoda,773,6
2013-10,Audi,664,52
2013-10,BMW,579,45
2013-10,Peugeot,463,36
2013-10,Kia,459,36
2013-10,Mazda,449,35
2013-10,Mercedes-Benz,444,34
2013-10,Mitsubishi,401,31
2013-10,Suzuki,380,29
2013-10,Hyundai,303,24
2013-10,Subaru,285,22
2013-10,Opel,202,16
2013-10,Citroen,180,14
2013-10,Honda,171,13
2013-10,MINI,120,09
2013-10,Renault,109,08
2013-10,Tesla,98,08
2013-10,Lexus,68,05
2013-10,Chevrolet,55,04
2013-10,Land Rover,53,04
2013-10,Fiat,35,03
2013-10,Porsche,20,02
2013-10,Alfa Romeo,17,01
2013-10,Jeep,13,01
2013-10,Dacia,10,01
2013-10,Jaguar,8,01
2013-10,Smart,4,0
2013-10,Ssangyong,3,0
2013-10,Bentley,1,0
2013-11,Volkswagen,1735,144
2013-11,Toyota,1454,12
2013-11,Volvo,1053,87
2013-11,Skoda,789,65
2013-11,Ford,733,61
2013-11,Nissan,729,6
2013-11,BMW,586,49
2013-11,Tesla,527,44
2013-11,Audi,495,41
2013-11,Mercedes-Benz,494,41
2013-11,Kia,478,4
2013-11,Mazda,455,38
2013-11,Peugeot,436,36
2013-11,Mitsubishi,378,31
2013-11,Suzuki,272,23
2013-11,Subaru,236,2
2013-11,Hyundai,211,17
2013-11,Opel,208,17
2013-11,Honda,189,16
2013-11,Citroen,181,15
2013-11,MINI,108,09
2013-11,Renault,93,08
2013-11,Lexus,54,04
2013-11,Land Rover,52,04
2013-11,Chevrolet,48,04
2013-11,Fiat,36,03
2013-11,Porsche,18,01
2013-11,Jeep,12,01
2013-11,Alfa Romeo,6,0
2013-11,Dacia,5,0
2013-11,Think,4,0
2013-11,Jaguar,1,0
2013-11,Ssangyong,1,0
2013-11,Maserati,1,0
2013-11,Seat,1,0
2013-12,Volvo,1884,165
2013-12,Volkswagen,1481,13
2013-12,Toyota,906,8
2013-12,Skoda,786,69
2013-12,Ford,756,66
2013-12,Mercedes-Benz,663,58
2013-12,Tesla,553,49
2013-12,Nissan,512,45
2013-12,Audi,475,42
2013-12,BMW,437,38
2013-12,Mitsubishi,376,33
2013-12,Kia,376,33
2013-12,Opel,334,29
2013-12,Mazda,288,25
2013-12,Suzuki,270,24
2013-12,Peugeot,251,22
2013-12,Subaru,240,21
2013-12,Honda,221,19
2013-12,Hyundai,142,12
2013-12,Citroen,134,12
2013-12,Renault,73,06
2013-12,MINI,57,05
2013-12,Land Rover,56,05
2013-12,Fiat,36,03
2013-12,Chevrolet,32,03
2013-12,Dacia,16,01
2013-12,Lexus,13,01
2013-12,Porsche,9,01
2013-12,Jeep,6,01
2013-12,Alfa Romeo,5,0
2013-12,Smart,3,0
2013-12,Jaguar,2,0
2013-12,Ssangyong,1,0
2013-12,Binz,1,0
2014-01,Toyota,1501,132
2014-01,Volkswagen,1360,119
2014-01,BMW,919,81
2014-01,Nissan,872,77
2014-01,Peugeot,661,58
2014-01,Volvo,654,57
2014-01,Audi,633,56
2014-01,Mazda,610,54
2014-01,Ford,601,53
2014-01,Mercedes-Benz,531,47
2014-01,Skoda,521,46
2014-01,Suzuki,401,35
2014-01,Mitsubishi,389,34
2014-01,Opel,263,23
2014-01,Kia,236,21
2014-01,Hyundai,217,19
2014-01,Citroen,187,16
2014-01,Subaru,187,16
2014-01,Tesla,132,12
2014-01,Honda,91,08
2014-01,Land Rover,79,07
2014-01,Renault,74,06
2014-01,Lexus,66,06
2014-01,MINI,66,06
2014-01,Chevrolet,47,04
2014-01,Fiat,31,03
2014-01,Porsche,26,02
2014-01,Jaguar,9,01
2014-01,Dacia,7,01
2014-01,Jeep,7,01
2014-01,Alfa Romeo,5,0
2014-01,Smart,2,0
2014-02,Volkswagen,1379,123
2014-02,Toyota,1352,12
2014-02,BMW,896,8
2014-02,Nissan,861,77
2014-02,Volvo,723,64
2014-02,Peugeot,608,54
2014-02,Skoda,566,5
2014-02,Audi,543,48
2014-02,Ford,524,47
2014-02,Mercedes-Benz,495,44
2014-02,Mitsubishi,451,4
2014-02,Tesla,431,38
2014-02,Mazda,372,33
2014-02,Kia,335,3
2014-02,Opel,293,26
2014-02,Suzuki,288,26
2014-02,Hyundai,211,19
2014-02,Subaru,200,18
2014-02,Honda,175,16
2014-02,Citroen,168,15
2014-02,Land Rover,68,06
2014-02,Chevrolet,60,05
2014-02,Renault,59,05
2014-02,MINI,58,05
2014-02,Lexus,47,04
2014-02,Fiat,29,03
2014-02,Porsche,16,01
2014-02,Dacia,11,01
2014-02,Jeep,8,01
2014-02,Jaguar,6,01
2014-02,Alfa Romeo,5,0
2014-02,Nilsson,4,0
2014-02,Smart,2,0
2014-02,Maserati,2,0
2014-03,Volkswagen,1722,124
2014-03,Tesla,1493,108
2014-03,Toyota,1441,104
2014-03,BMW,1016,73
2014-03,Nissan,924,67
2014-03,Volvo,915,66
2014-03,Ford,700,51
2014-03,Audi,570,41
2014-03,Mitsubishi,560,4
2014-03,Mazda,555,4
2014-03,Skoda,543,39
2014-03,Mercedes-Benz,523,38
2014-03,Peugeot,490,35
2014-03,Opel,334,24
2014-03,Kia,307,22
2014-03,Citroen,270,19
2014-03,Renault,240,17
2014-03,Suzuki,238,17
2014-03,Subaru,236,17
2014-03,Honda,236,17
2014-03,Hyundai,195,14
2014-03,Land Rover,92,07
2014-03,MINI,79,06
2014-03,Chevrolet,49,04
2014-03,Fiat,38,03
2014-03,Lexus,35,03
2014-03,Dacia,23,02
2014-03,Porsche,17,01
2014-03,Alfa Romeo,11,01
2014-03,Jaguar,4,0
2014-03,Jeep,4,0
2014-03,Maserati,1,0
2014-04,Volkswagen,1893,156
2014-04,Toyota,1229,101
2014-04,BMW,946,78
2014-04,Nissan,859,71
2014-04,Volvo,816,67
2014-04,Ford,803,66
2014-04,Audi,704,58
2014-04,Skoda,672,55
2014-04,Mercedes-Benz,546,45
2014-04,Peugeot,531,44
2014-04,Mitsubishi,498,41
2014-04,Mazda,390,32
2014-04,Kia,384,32
2014-04,Suzuki,237,2
2014-04,Opel,227,19
2014-04,Subaru,213,18
2014-04,Hyundai,200,17
2014-04,Honda,188,16
2014-04,Tesla,171,14
2014-04,Citroen,164,14
2014-04,Renault,144,12
2014-04,MINI,82,07
2014-04,Porsche,45,04
2014-04,Land Rover,43,04
2014-04,Lexus,43,04
2014-04,Fiat,36,03
2014-04,Chevrolet,25,02
2014-04,Dacia,11,01
2014-04,Alfa Romeo,6,0
2014-04,Jeep,6,0
2014-04,Jaguar,3,0
2014-05,Volkswagen,1716,139
2014-05,Toyota,1458,118
2014-05,Volvo,859,7
2014-05,Nissan,766,62
2014-05,BMW,733,59
2014-05,Audi,721,58
2014-05,Skoda,692,56
2014-05,Ford,626,51
2014-05,Mazda,575,47
2014-05,Mercedes-Benz,555,45
2014-05,Peugeot,474,38
2014-05,Mitsubishi,440,36
2014-05,Kia,426,35
2014-05,Tesla,373,3
2014-05,Citroen,288,23
2014-05,Opel,275,22
2014-05,Hyundai,270,22
2014-05,Honda,235,19
2014-05,Suzuki,230,19
2014-05,Subaru,159,13
2014-05,Renault,116,09
2014-05,MINI,72,06
2014-05,Lexus,57,05
2014-05,Porsche,56,05
2014-05,Fiat,50,04
2014-05,Land Rover,33,03
2014-05,Chevrolet,29,02
2014-05,Dacia,18,01
2014-05,Jeep,13,01
2014-05,Alfa Romeo,8,01
2014-05,Nilsson,5,0
2014-05,Jaguar,4,0
2014-05,Maserati,2,0
2014-05,Smart,1,0
2014-05,Cadillac,1,0
2014-05,Morgan,1,0
2014-06,Volkswagen,1620,142
2014-06,Toyota,1306,114
2014-06,Volvo,852,74
2014-06,Ford,787,69
2014-06,BMW,644,56
2014-06,Nissan,586,51
2014-06,Skoda,577,5
2014-06,Audi,548,48
2014-06,Tesla,536,47
2014-06,Peugeot,515,45
2014-06,Mazda,491,43
2014-06,Mercedes-Benz,450,39
2014-06,Mitsubishi,399,35
2014-06,Kia,375,33
2014-06,Citroen,303,26
2014-06,Opel,241,21
2014-06,Honda,229,2
2014-06,Hyundai,223,19
2014-06,Suzuki,167,15
2014-06,Subaru,147,13
2014-06,Renault,120,1
2014-06,MINI,78,07
2014-06,Porsche,49,04
2014-06,Lexus,39,03
2014-06,Jeep,39,03
2014-06,Land Rover,35,03
2014-06,Fiat,35,03
2014-06,Chevrolet,29,03
2014-06,Dacia,10,01
2014-06,Alfa Romeo,4,0
2014-06,Maserati,3,0
2014-06,Jaguar,2,0
2014-06,Smart,1,0
2014-06,Iveco,1,0
2014-07,Volkswagen,2197,188
2014-07,Toyota,1270,109
2014-07,Volvo,930,8
2014-07,Nissan,677,58
2014-07,BMW,670,57
2014-07,Ford,645,55
2014-07,Skoda,632,54
2014-07,Audi,609,52
2014-07,Mazda,565,48
2014-07,Mercedes-Benz,542,46
2014-07,Mitsubishi,438,37
2014-07,Peugeot,432,37
2014-07,Kia,397,34
2014-07,Opel,239,2
2014-07,Suzuki,219,19
2014-07,Citroen,195,17
2014-07,Subaru,177,15
2014-07,Hyundai,159,14
2014-07,Honda,138,12
2014-07,Renault,130,11
2014-07,Tesla,114,1
2014-07,MINI,79,07
2014-07,Lexus,43,04
2014-07,Chevrolet,37,03
2014-07,Porsche,34,03
2014-07,Land Rover,29,02
2014-07,Fiat,29,02
2014-07,Jeep,29,02
2014-07,Dacia,14,01
2014-07,Alfa Romeo,12,01
2014-07,Jaguar,3,0
2014-07,Maserati,2,0
2014-07,Tazzari,2,0
2014-07,Smart,1,0
2014-07,Ferrari,1,0
2014-08,Volkswagen,2065,18
2014-08,Toyota,1233,108
2014-08,BMW,816,71
2014-08,Nissan,750,66
2014-08,Skoda,653,57
2014-08,Peugeot,642,56
2014-08,Volvo,614,54
2014-08,Ford,604,53
2014-08,Mazda,600,52
2014-08,Audi,575,5
2014-08,Mitsubishi,457,4
2014-08,Mercedes-Benz,438,38
2014-08,Kia,291,25
2014-08,Citroen,232,2
2014-08,Suzuki,193,17
2014-08,Subaru,186,16
2014-08,Opel,184,16
2014-08,Tesla,183,16
2014-08,Hyundai,143,12
2014-08,Honda,142,12
2014-08,Renault,122,11
2014-08,MINI,82,07
2014-08,Lexus,53,05
2014-08,Land Rover,36,03
2014-08,Fiat,36,03
2014-08,Porsche,29,03
2014-08,Chevrolet,26,02
2014-08,Jeep,25,02
2014-08,Alfa Romeo,15,01
2014-08,Dacia,8,01
2014-08,Jaguar,5,0
2014-08,Maserati,3,0
2014-08,Smart,2,0
2014-08,Morgan,1,0
2014-09,Volkswagen,1707,147
2014-09,Toyota,1463,126
2014-09,Volvo,901,78
2014-09,Nissan,709,61
2014-09,BMW,670,58
2014-09,Ford,597,52
2014-09,Mazda,593,51
2014-09,Peugeot,568,49
2014-09,Skoda,554,48
2014-09,Mercedes-Benz,500,43
2014-09,Mitsubishi,486,42
2014-09,Audi,448,39
2014-09,Kia,448,39
2014-09,Subaru,287,25
2014-09,Opel,260,22
2014-09,Suzuki,259,22
2014-09,Hyundai,211,18
2014-09,Honda,191,16
2014-09,Citroen,173,15
2014-09,Renault,119,1
2014-09,Tesla,104,09
2014-09,MINI,98,08
2014-09,Lexus,92,08
2014-09,Chevrolet,41,04
2014-09,Land Rover,26,02
2014-09,Porsche,23,02
2014-09,Fiat,19,02
2014-09,Jeep,17,01
2014-09,Alfa Romeo,8,01
2014-09,Dacia,7,01
2014-09,Jaguar,4,0
2014-09,Iveco,1,0
2014-09,Ssangyong,1,0
2014-10,Volkswagen,2061,159
2014-10,Toyota,1451,112
2014-10,Volvo,1039,8
2014-10,Nissan,867,67
2014-10,Skoda,790,61
2014-10,BMW,778,6
2014-10,Ford,691,53
2014-10,Mercedes-Benz,622,48
2014-10,Audi,606,47
2014-10,Peugeot,601,46
2014-10,Mazda,525,4
2014-10,Mitsubishi,452,35
2014-10,Kia,408,31
2014-10,Citroen,347,27
2014-10,Suzuki,273,21
2014-10,Subaru,262,2
2014-10,Opel,258,2
2014-10,Renault,195,15
2014-10,Honda,181,14
2014-10,Hyundai,150,12
2014-10,Lexus,123,09
2014-10,MINI,92,07
2014-10,Porsche,42,03
2014-10,Tesla,36,03
2014-10,Fiat,26,02
2014-10,Land Rover,25,02
2014-10,Jeep,19,01
2014-10,Chevrolet,15,01
2014-10,Dacia,11,01
2014-10,Alfa Romeo,7,01
2014-10,Jaguar,3,0
2014-10,Maserati,3,0
2014-10,Smart,1,0
2014-10,Cadillac,1,0
2014-10,Ferrari,1,0
2014-10,Ssangyong,1,0
2014-11,Volkswagen,1920,167
2014-11,Toyota,1241,108
2014-11,Volvo,950,83
2014-11,BMW,710,62
2014-11,Nissan,687,6
2014-11,Mercedes-Benz,639,56
2014-11,Skoda,585,51
2014-11,Ford,562,49
2014-11,Mazda,533,46
2014-11,Audi,516,45
2014-11,Peugeot,506,44
2014-11,Kia,443,39
2014-11,Mitsubishi,351,31
2014-11,Citroen,215,19
2014-11,Subaru,207,18
2014-11,Tesla,202,18
2014-11,Suzuki,200,17
2014-11,Opel,182,16
2014-11,Honda,162,14
2014-11,Renault,153,13
2014-11,Lexus,135,12
2014-11,Hyundai,131,11
2014-11,MINI,84,07
2014-11,Land Rover,53,05
2014-11,Porsche,31,03
2014-11,Fiat,26,02
2014-11,Dacia,24,02
2014-11,Jeep,14,01
2014-11,Chevrolet,13,01
2014-11,Jaguar,4,0
2014-11,Nilsson,4,0
2014-11,Alfa Romeo,2,0
2014-11,Maserati,1,0
2014-12,Volvo,2072,164
2014-12,Volkswagen,2019,16
2014-12,Toyota,1055,83
2014-12,BMW,804,64
2014-12,Mercedes-Benz,762,6
2014-12,Ford,681,54
2014-12,Skoda,666,53
2014-12,Nissan,634,5
2014-12,Audi,604,48
2014-12,Peugeot,527,42
2014-12,Kia,359,28
2014-12,Mitsubishi,317,25
2014-12,Mazda,310,25
2014-12,Tesla,267,21
2014-12,Subaru,217,17
2014-12,Citroen,209,17
2014-12,Opel,191,15
2014-12,Renault,161,13
2014-12,Honda,159,13
2014-12,Suzuki,143,11
2014-12,Hyundai,133,11
2014-12,MINI,70,06
2014-12,Lexus,59,05
2014-12,Land Rover,59,05
2014-12,Chevrolet,54,04
2014-12,Porsche,49,04
2014-12,Jeep,27,02
2014-12,Fiat,26,02
2014-12,Dacia,9,01
2014-12,Jaguar,2,0
2014-12,Maserati,2,0
2014-12,Alfa Romeo,1,0
2014-12,Nilsson,1,0
2015-01,Volkswagen,2057,195
2015-01,Toyota,1372,13
2015-01,Nissan,848,81
2015-01,BMW,649,62
2015-01,Ford,593,56
2015-01,Mercedes-Benz,543,52
2015-01,Mitsubishi,502,48
2015-01,Skoda,473,45
2015-01,Mazda,393,37
2015-01,Peugeot,373,35
2015-01,Volvo,321,31
2015-01,Kia,315,3
2015-01,Audi,302,29
2015-01,Suzuki,284,27
2015-01,Hyundai,283,27
2015-01,Opel,273,26
2015-01,Citroen,202,19
2015-01,Lexus,137,13
2015-01,Renault,127,12
2015-01,Honda,118,11
2015-01,Subaru,95,09
2015-01,Tesla,71,07
2015-01,MINI,62,06
2015-01,Land Rover,32,03
2015-01,Porsche,28,03
2015-01,Jeep,25,02
2015-01,Fiat,15,01
2015-01,Dacia,13,01
2015-01,Alfa Romeo,9,01
2015-01,Jaguar,8,01
2015-02,Volkswagen,1895,177
2015-02,Toyota,1436,134
2015-02,Nissan,761,71
2015-02,Ford,666,62
2015-02,BMW,636,6
2015-02,Skoda,539,5
2015-02,Mercedes-Benz,537,5
2015-02,Audi,474,44
2015-02,Volvo,438,41
2015-02,Peugeot,401,38
2015-02,Mazda,357,33
2015-02,Tesla,321,3
2015-02,Kia,315,29
2015-02,Mitsubishi,302,28
2015-02,Suzuki,249,23
2015-02,Opel,241,23
2015-02,Subaru,224,21
2015-02,Honda,163,15
2015-02,Hyundai,148,14
2015-02,Renault,147,14
2015-02,Citroen,112,1
2015-02,Lexus,106,1
2015-02,MINI,57,05
2015-02,Land Rover,44,04
2015-02,Porsche,37,03
2015-02,Dacia,22,02
2015-02,Jeep,19,02
2015-02,Polaris,19,02
2015-02,Fiat,13,01
2015-02,Smart,3,0
2015-02,Jaguar,2,0
2015-02,Alfa Romeo,1,0
2015-03,Volkswagen,2274,161
2015-03,Toyota,1509,107
2015-03,Tesla,1140,81
2015-03,Nissan,1057,75
2015-03,Volvo,875,62
2015-03,Ford,829,59
2015-03,BMW,785,55
2015-03,Skoda,679,48
2015-03,Audi,598,42
2015-03,Peugeot,525,37
2015-03,Mercedes-Benz,492,35
2015-03,Mazda,390,28
2015-03,Kia,376,27
2015-03,Mitsubishi,374,26
2015-03,Opel,344,24
2015-03,Suzuki,311,22
2015-03,Renault,296,21
2015-03,Subaru,294,21
2015-03,Honda,271,19
2015-03,Hyundai,202,14
2015-03,Citroen,186,13
2015-03,Lexus,97,07
2015-03,Land Rover,79,06
2015-03,MINI,72,05
2015-03,Porsche,28,02
2015-03,Dacia,23,02
2015-03,Fiat,22,02
2015-03,Jeep,19,01
2015-03,Alfa Romeo,3,0
2015-03,Smart,3,0
2015-03,Chevrolet,2,0
2015-03,Maserati,2,0
2015-03,Jaguar,1,0
2015-03,Ferrari,1,0
2015-04,Volkswagen,2667,209
2015-04,Toyota,1274,10
2015-04,BMW,733,57
2015-04,Volvo,729,57
2015-04,Skoda,725,57
2015-04,Audi,665,52
2015-04,Mercedes-Benz,646,51
2015-04,Ford,634,5
2015-04,Mazda,558,44
2015-04,Nissan,543,42
2015-04,Peugeot,541,42
2015-04,Mitsubishi,418,33
2015-04,Subaru,365,29
2015-04,Kia,354,28
2015-04,Citroen,305,24
2015-04,Opel,259,2
2015-04,Tesla,230,18
2015-04,Renault,215,17
2015-04,Suzuki,214,17
2015-04,Hyundai,212,17
2015-04,Honda,147,12
2015-04,MINI,92,07
2015-04,Lexus,73,06
2015-04,Land Rover,56,04
2015-04,Porsche,39,03
2015-04,Fiat,25,02
2015-04,Jeep,24,02
2015-04,Dacia,17,01
2015-04,Smart,6,0
2015-04,Nilsson,5,0
2015-04,Jaguar,4,0
2015-04,Alfa Romeo,3,0
2015-04,Aston Martin,2,0
2015-04,Chevrolet US,1,0
2015-04,Lexus,1,0
2015-05,Volkswagen,2076,172
2015-05,Toyota,1159,96
2015-05,Volvo,942,78
2015-05,Ford,747,62
2015-05,BMW,693,58
2015-05,Mercedes-Benz,679,56
2015-05,Skoda,585,49
2015-05,Audi,585,49
2015-05,Mitsubishi,577,48
2015-05,Nissan,514,43
2015-05,Mazda,508,42
2015-05,Peugeot,490,41
2015-05,Kia,390,32
2015-05,Tesla,346,29
2015-05,Subaru,319,27
2015-05,Opel,275,23
2015-05,Suzuki,253,21
2015-05,Renault,158,13
2015-05,Citroen,153,13
2015-05,Honda,143,12
2015-05,Hyundai,123,1
2015-05,Lexus,76,06
2015-05,MINI,63,05
2015-05,Land Rover,51,04
2015-05,Fiat,34,03
2015-05,Porsche,30,02
2015-05,Smart,26,02
2015-05,Jeep,24,02
2015-05,Jaguar,6,0
2015-05,Dacia,3,0
2015-05,Alfa Romeo,3,0
2015-05,Aston Martin,2,0
2015-05,Chevrolet US,1,0
2015-05,Lancia,1,0
2015-05,Morgan,1,0
2015-06,Volkswagen,2501,176
2015-06,Toyota,1409,99
2015-06,Volvo,1099,77
2015-06,BMW,849,6
2015-06,Nissan,692,49
2015-06,Ford,670,47
2015-06,Skoda,645,45
2015-06,Audi,640,45
2015-06,Mitsubishi,640,45
2015-06,Mazda,635,45
2015-06,Mercedes-Benz,618,43
2015-06,Tesla,566,4
2015-06,Renault,496,35
2015-06,Peugeot,472,33
2015-06,Kia,419,29
2015-06,Subaru,316,22
2015-06,Opel,290,2
2015-06,Hyundai,237,17
2015-06,Honda,234,16
2015-06,Suzuki,228,16
2015-06,Citroen,198,14
2015-06,Lexus,109,08
2015-06,MINI,65,05
2015-06,Land Rover,44,03
2015-06,Porsche,38,03
2015-06,Fiat,22,02
2015-06,Jeep,19,01
2015-06,Jaguar,18,01
2015-06,Smart,16,01
2015-06,Dacia,14,01
2015-06,Alfa Romeo,3,0
2015-06,Nilsson,2,0
2015-06,Lancia,1,0
2015-06,Seat,1,0
2015-06,Ssangyong,1,0
2015-07,Volkswagen,2415,195
2015-07,Toyota,1458,118
2015-07,Volvo,826,67
2015-07,Nissan,759,61
2015-07,Audi,754,61
2015-07,Mercedes-Benz,695,56
2015-07,Ford,642,52
2015-07,Skoda,627,51
2015-07,BMW,617,5
2015-07,Mazda,598,48
2015-07,Peugeot,477,38
2015-07,Kia,377,3
2015-07,Subaru,328,26
2015-07,Mitsubishi,290,23
2015-07,Opel,235,19
2015-07,Tesla,222,18
2015-07,Suzuki,203,16
2015-07,Hyundai,181,15
2015-07,Renault,136,11
2015-07,Citroen,133,11
2015-07,MINI,102,08
2015-07,Lexus,99,08
2015-07,Honda,89,07
2015-07,Porsche,34,03
2015-07,Land Rover,25,02
2015-07,Jeep,20,02
2015-07,Fiat,18,01
2015-07,Alfa Romeo,9,01
2015-07,Smart,8,01
2015-07,Jaguar,8,01
2015-07,Dacia,7,01
2015-07,Cadillac,1,0
2015-07,Lotus,1,0
2015-08,Volkswagen,2254,179
2015-08,Toyota,1461,116
2015-08,Ford,866,69
2015-08,BMW,860,68
2015-08,Nissan,722,57
2015-08,Skoda,666,53
2015-08,Mercedes-Benz,659,52
2015-08,Mazda,620,49
2015-08,Audi,541,43
2015-08,Peugeot,531,42
2015-08,Volvo,518,41
2015-08,Kia,505,4
2015-08,Subaru,338,27
2015-08,Suzuki,332,26
2015-08,Opel,287,23
2015-08,Mitsubishi,284,23
2015-08,Tesla,220,17
2015-08,Hyundai,199,16
2015-08,Honda,151,12
2015-08,Renault,133,11
2015-08,Citroen,115,09
2015-08,Lexus,105,08
2015-08,MINI,71,06
2015-08,Land Rover,44,03
2015-08,Porsche,36,03
2015-08,Jeep,29,02
2015-08,Fiat,22,02
2015-08,Jaguar,11,01
2015-08,Dacia,10,01
2015-08,Smart,7,01
2015-08,Alfa Romeo,4,0
2015-08,Maserati,1,0
2015-08,Seat,1,0
2015-08,Ssangyong,1,0
2015-09,Volkswagen,1768,142
2015-09,Toyota,1527,123
2015-09,Nissan,977,79
2015-09,Volvo,827,67
2015-09,BMW,777,63
2015-09,Mazda,679,55
2015-09,Mercedes-Benz,677,55
2015-09,Ford,648,52
2015-09,Skoda,548,44
2015-09,Audi,494,4
2015-09,Peugeot,439,35
2015-09,Mitsubishi,437,35
2015-09,Kia,384,31
2015-09,Suzuki,311,25
2015-09,Subaru,301,24
2015-09,Hyundai,300,24
2015-09,Opel,259,21
2015-09,Renault,240,19
2015-09,Honda,212,17
2015-09,Citroen,149,12
2015-09,Tesla,127,1
2015-09,Lexus,92,07
2015-09,MINI,82,07
2015-09,Land Rover,50,04
2015-09,Porsche,28,02
2015-09,Fiat,20,02
2015-09,Smart,17,01
2015-09,Jeep,15,01
2015-09,Jaguar,14,01
2015-09,Dacia,12,01
2015-09,Alfa Romeo,5,0
2015-09,Nilsson,4,0
2015-09,Chevrolet,1,0
2015-10,Volkswagen,2210,167
2015-10,Toyota,1443,109
2015-10,BMW,1010,77
2015-10,Volvo,954,72
2015-10,Nissan,759,58
2015-10,Skoda,717,54
2015-10,Ford,706,53
2015-10,Mazda,635,48
2015-10,Mitsubishi,614,47
2015-10,Mercedes-Benz,566,43
2015-10,Audi,549,42
2015-10,Peugeot,475,36
2015-10,Kia,363,28
2015-10,Suzuki,299,23
2015-10,Subaru,296,22
2015-10,Opel,258,2
2015-10,Renault,253,19
2015-10,Citroen,216,16
2015-10,Honda,206,16
2015-10,Tesla,198,15
2015-10,Hyundai,177,13
2015-10,Lexus,70,05
2015-10,MINI,58,04
2015-10,Land Rover,49,04
2015-10,Porsche,49,04
2015-10,Fiat,17,01
2015-10,Jaguar,16,01
2015-10,Jeep,14,01
2015-10,Dacia,8,01
2015-10,Smart,8,01
2015-10,Ssangyong,2,0
2015-10,Chevrolet US,1,0
2015-10,Iveco,1,0
2015-11,Volkswagen,2346,186
2015-11,Toyota,1102,87
2015-11,Volvo,937,74
2015-11,BMW,934,74
2015-11,Ford,724,57
2015-11,Mazda,713,57
2015-11,Mercedes-Benz,694,55
2015-11,Mitsubishi,679,54
2015-11,Skoda,642,51
2015-11,Audi,592,47
2015-11,Nissan,455,36
2015-11,Peugeot,400,32
2015-11,Kia,379,3
2015-11,Opel,291,23
2015-11,Subaru,232,18
2015-11,Honda,230,18
2015-11,Tesla,225,18
2015-11,Suzuki,220,17
2015-11,Hyundai,201,16
2015-11,Citroen,191,15
2015-11,Renault,171,14
2015-11,Lexus,58,05
2015-11,MINI,55,04
2015-11,Land Rover,53,04
2015-11,Porsche,20,02
2015-11,Jeep,14,01
2015-11,Fiat,12,01
2015-11,Smart,9,01
2015-11,Jaguar,9,01
2015-11,Dacia,5,0
2015-11,Nilsson,4,0
2015-11,Alfa Romeo,3,0
2015-12,Volkswagen,1881,144
2015-12,Volvo,1512,116
2015-12,BMW,1024,78
2015-12,Mercedes-Benz,872,67
2015-12,Toyota,866,66
2015-12,Ford,737,56
2015-12,Mitsubishi,673,51
2015-12,Subaru,646,49
2015-12,Skoda,644,49
2015-12,Mazda,616,47
2015-12,Audi,496,38
2015-12,Kia,458,35
2015-12,Peugeot,418,32
2015-12,Tesla,373,29
2015-12,Renault,310,24
2015-12,Opel,305,23
2015-12,Nissan,230,18
2015-12,Hyundai,209,16
2015-12,Suzuki,183,14
2015-12,Honda,163,12
2015-12,Citroen,158,12
2015-12,Land Rover,75,06
2015-12,MINI,62,05
2015-12,Lexus,48,04
2015-12,Fiat,44,03
2015-12,Porsche,18,01
2015-12,Jaguar,18,01
2015-12,Smart,16,01
2015-12,Jeep,11,01
2015-12,Dacia,7,01
2015-12,Alfa Romeo,3,0
2015-12,Ssangyong,1,0
2015-12,DS,1,0
2016-01,Volkswagen,1743,159
2016-01,Toyota,1106,101
2016-01,BMW,1089,99
2016-01,Ford,752,68
2016-01,Nissan,673,61
2016-01,Mercedes-Benz,661,6
2016-01,Volvo,643,59
2016-01,Mazda,621,57
2016-01,Audi,559,51
2016-01,Skoda,528,48
2016-01,Peugeot,437,4
2016-01,Suzuki,311,28
2016-01,Renault,250,23
2016-01,Opel,237,22
2016-01,Kia,216,2
2016-01,Mitsubishi,199,18
2016-01,Citroen,181,16
2016-01,Hyundai,147,13
2016-01,Lexus,147,13
2016-01,Honda,135,12
2016-01,Tesla,105,1
2016-01,MINI,67,06
2016-01,Porsche,60,05
2016-01,Land Rover,35,03
2016-01,Subaru,32,03
2016-01,Jaguar,19,02
2016-01,DS,13,01
2016-01,Ssangyong,8,01
2016-01,Smart,6,01
2016-01,Fiat,5,0
2016-01,Jeep,4,0
2016-01,Dacia,1,0
2016-01,Maserati,1,0
2016-02,Volkswagen,2044,167
2016-02,Toyota,1374,112
2016-02,BMW,899,74
2016-02,Nissan,842,69
2016-02,Ford,754,62
2016-02,Skoda,753,62
2016-02,Volvo,732,6
2016-02,Mazda,651,53
2016-02,Mercedes-Benz,625,51
2016-02,Mitsubishi,607,5
2016-02,Audi,531,43
2016-02,Peugeot,428,35
2016-02,Kia,389,32
2016-02,Opel,274,22
2016-02,Suzuki,269,22
2016-02,Citroen,164,13
2016-02,Honda,151,12
2016-02,Hyundai,121,1
2016-02,Tesla,113,09
2016-02,Renault,111,09
2016-02,Subaru,99,08
2016-02,Lexus,95,08
2016-02,MINI,50,04
2016-02,Land Rover,40,03
2016-02,Porsche,34,03
2016-02,Dacia,21,02
2016-02,DS,14,01
2016-02,Smart,11,01
2016-02,Ssangyong,8,01
2016-02,Jaguar,5,0
2016-02,Fiat,5,0
2016-02,Jeep,4,0
2016-02,Maserati,2,0
2016-02,Alfa Romeo,2,0
2016-03,Volkswagen,2236,161
2016-03,Toyota,1537,111
2016-03,Nissan,1105,8
2016-03,BMW,933,67
2016-03,Mitsubishi,825,59
2016-03,Mercedes-Benz,817,59
2016-03,Ford,717,52
2016-03,Volvo,687,5
2016-03,Skoda,662,48
2016-03,Mazda,550,4
2016-03,Audi,543,39
2016-03,Tesla,487,35
2016-03,Renault,453,33
2016-03,Peugeot,405,29
2016-03,Kia,367,26
2016-03,Suzuki,292,21
2016-03,Opel,279,2
2016-03,Honda,182,13
2016-03,Subaru,169,12
2016-03,Hyundai,159,11
2016-03,Citroen,155,11
2016-03,Lexus,74,05
2016-03,MINI,55,04
2016-03,DS,37,03
2016-03,Land Rover,33,02
2016-03,Porsche,30,02
2016-03,Dacia,24,02
2016-03,Jaguar,19,01
2016-03,Fiat,17,01
2016-03,Jeep,8,01
2016-03,Smart,6,0
2016-03,Ssangyong,5,0
2016-03,Alfa Romeo,3,0
2016-03,Aston Martin,2,0
2016-03,Nilsson,2,0
2016-04,Volkswagen,3017,214
2016-04,Toyota,1432,101
2016-04,BMW,1052,75
2016-04,Skoda,785,56
2016-04,Nissan,782,55
2016-04,Volvo,748,53
2016-04,Ford,715,51
2016-04,Audi,685,49
2016-04,Mercedes-Benz,661,47
2016-04,Mitsubishi,630,45
2016-04,Mazda,564,4
2016-04,Peugeot,483,34
2016-04,Kia,376,27
2016-04,Opel,352,25
2016-04,Renault,325,23
2016-04,Subaru,279,2
2016-04,Suzuki,252,18
2016-04,Hyundai,212,15
2016-04,Honda,186,13
2016-04,Citroen,146,1
2016-04,Tesla,96,07
2016-04,Lexus,71,05
2016-04,MINI,53,04
2016-04,Porsche,49,03
2016-04,DS,49,03
2016-04,Land Rover,32,02
2016-04,Dacia,28,02
2016-04,Jaguar,18,01
2016-04,Fiat,14,01
2016-04,Smart,11,01
2016-04,Ssangyong,6,0
2016-04,Jeep,4,0
2016-04,Alfa Romeo,3,0
2016-05,Volkswagen,2222,173
2016-05,Toyota,1687,131
2016-05,Mercedes-Benz,872,68
2016-05,BMW,832,65
2016-05,Ford,751,58
2016-05,Skoda,722,56
2016-05,Mitsubishi,659,51
2016-05,Volvo,619,48
2016-05,Nissan,592,46
2016-05,Mazda,565,44
2016-05,Audi,540,42
2016-05,Peugeot,404,31
2016-05,Opel,397,31
2016-05,Kia,349,27
2016-05,Hyundai,237,18
2016-05,Suzuki,232,18
2016-05,Subaru,218,17
2016-05,Renault,160,12
2016-05,Honda,158,12
2016-05,Tesla,156,12
2016-05,Citroen,155,12
2016-05,MINI,80,06
2016-05,Lexus,73,06
2016-05,Porsche,42,03
2016-05,Land Rover,38,03
2016-05,Jaguar,38,03
2016-05,DS,19,01
2016-05,Dacia,18,01
2016-05,Fiat,7,01
2016-05,Smart,6,0
2016-05,Jeep,6,0
2016-05,Nilsson,4,0
2016-05,Ferrari,2,0
2016-05,Ssangyong,1,0
2016-05,Alfa Romeo,1,0
2016-05,Cadillac,1,0
2016-05,Morgan,1,0
2016-06,Volkswagen,2287,167
2016-06,Toyota,1603,117
2016-06,Ford,854,62
2016-06,Mercedes-Benz,826,6
2016-06,BMW,808,59
2016-06,Volvo,766,56
2016-06,Skoda,721,53
2016-06,Mitsubishi,698,51
2016-06,Nissan,640,47
2016-06,Mazda,611,45
2016-06,Audi,551,4
2016-06,Renault,490,36
2016-06,Peugeot,400,29
2016-06,Opel,389,28
2016-06,Kia,373,27
2016-06,Tesla,291,21
2016-06,Subaru,275,2
2016-06,Hyundai,199,15
2016-06,Honda,189,14
2016-06,Suzuki,185,14
2016-06,MINI,127,09
2016-06,Citroen,117,09
2016-06,Lexus,74,05
2016-06,Land Rover,50,04
2016-06,Jaguar,46,03
2016-06,Porsche,40,03
2016-06,Dacia,27,02
2016-06,DS,18,01
2016-06,Fiat,5,0
2016-06,Smart,5,0
2016-06,Ssangyong,5,0
2016-06,Jeep,4,0
2016-06,Alfa Romeo,2,0
2016-06,Nilsson,2,0
2016-06,Aston Martin,1,0
2016-06,Bentley,1,0
2016-06,Chevrolet US,1,0
2016-07,Volkswagen,2076,188
2016-07,Toyota,1127,102
2016-07,Audi,687,62
2016-07,Mitsubishi,641,58
2016-07,BMW,636,58
2016-07,Volvo,635,58
2016-07,Mercedes-Benz,607,55
2016-07,Skoda,602,55
2016-07,Nissan,590,53
2016-07,Ford,510,46
2016-07,Mazda,489,44
2016-07,Kia,339,31
2016-07,Peugeot,314,28
2016-07,Opel,311,28
2016-07,Hyundai,229,21
2016-07,Suzuki,213,19
2016-07,Subaru,201,18
2016-07,Citroen,175,16
2016-07,Honda,145,13
2016-07,Renault,128,12
2016-07,MINI,97,09
2016-07,Lexus,89,08
2016-07,Tesla,66,06
2016-07,Porsche,28,03
2016-07,Land Rover,24,02
2016-07,Jaguar,23,02
2016-07,DS,20,02
2016-07,Ssangyong,9,01
2016-07,Dacia,8,01
2016-07,Jeep,8,01
2016-07,Nilsson,4,0
2016-07,Fiat,3,0
2016-07,Smart,1,0
2016-07,Alfa Romeo,1,0
2016-07,Maserati,1,0
2016-07,Ferrari,1,0
2016-07,Bentley,1,0
2016-07,Morgan,1,0
2016-08,Volkswagen,2359,178
2016-08,Toyota,1824,138
2016-08,BMW,1031,78
2016-08,Mercedes-Benz,881,67
2016-08,Audi,794,6
2016-08,Nissan,627,47
2016-08,Ford,625,47
2016-08,Skoda,529,4
2016-08,Mazda,518,39
2016-08,Mitsubishi,499,38
2016-08,Volvo,463,35
2016-08,Peugeot,461,35
2016-08,Kia,401,3
2016-08,Tesla,338,26
2016-08,Opel,282,21
2016-08,Subaru,268,2
2016-08,Suzuki,229,17
2016-08,Honda,201,15
2016-08,Hyundai,165,12
2016-08,Citroen,162,12
2016-08,Lexus,142,11
2016-08,Renault,134,1
2016-08,MINI,79,06
2016-08,Jaguar,42,03
2016-08,Dacia,40,03
2016-08,Porsche,38,03
2016-08,Land Rover,35,03
2016-08,Fiat,19,01
2016-08,Jeep,13,01
2016-08,DS,10,01
2016-08,Ssangyong,8,01
2016-08,Alfa Romeo,6,0
2016-08,Nilsson,3,0
2016-08,Maserati,2,0
2016-08,Smart,1,0
2016-08,Ferrari,1,0
2016-08,Bentley,1,0
2016-08,Lamborghini,1,0
2016-09,Volkswagen,2084,15
2016-09,Toyota,1823,132
2016-09,BMW,1193,86
2016-09,Mercedes-Benz,891,64
2016-09,Tesla,848,61
2016-09,Volvo,763,55
2016-09,Ford,697,5
2016-09,Audi,688,5
2016-09,Skoda,653,47
2016-09,Mitsubishi,562,41
2016-09,Mazda,549,4
2016-09,Nissan,460,33
2016-09,Kia,418,3
2016-09,Peugeot,354,26
2016-09,Renault,256,18
2016-09,Opel,249,18
2016-09,Suzuki,241,17
2016-09,Subaru,227,16
2016-09,Hyundai,227,16
2016-09,Citroen,149,11
2016-09,Honda,148,11
2016-09,Lexus,141,1
2016-09,MINI,48,03
2016-09,Land Rover,45,03
2016-09,Jaguar,44,03
2016-09,Porsche,26,02
2016-09,Fiat,16,01
2016-09,Alfa Romeo,15,01
2016-09,Dacia,13,01
2016-09,Ssangyong,9,01
2016-09,Jeep,5,0
2016-09,DS,4,0
2016-09,Smart,4,0
2016-09,Nilsson,4,0
2016-10,Volkswagen,2161,181
2016-10,Toyota,1327,111
2016-10,BMW,1096,92
2016-10,Mercedes-Benz,732,61
2016-10,Volvo,732,61
2016-10,Nissan,646,54
2016-10,Skoda,628,53
2016-10,Audi,603,51
2016-10,Ford,534,45
2016-10,Mazda,524,44
2016-10,Mitsubishi,426,36
2016-10,Peugeot,415,35
2016-10,Kia,315,26
2016-10,Opel,249,21
2016-10,Suzuki,226,19
2016-10,Hyundai,221,19
2016-10,Subaru,217,18
2016-10,Renault,216,18
2016-10,Citroen,171,14
2016-10,Tesla,123,1
2016-10,Honda,111,09
2016-10,Lexus,86,07
2016-10,MINI,56,05
2016-10,Jaguar,34,03
2016-10,Land Rover,16,01
2016-10,Porsche,14,01
2016-10,Dacia,14,01
2016-10,Fiat,10,01
2016-10,DS,9,01
2016-10,Ssangyong,5,0
2016-10,Jeep,5,0
2016-10,Nilsson,4,0
2016-10,Alfa Romeo,3,0
2016-10,Smart,2,0
2016-10,Chevrolet US,1,0
2016-11,Volkswagen,2106,16
2016-11,BMW,1663,126
2016-11,Toyota,1375,104
2016-11,Mercedes-Benz,807,61
2016-11,Volvo,754,57
2016-11,Ford,690,52
2016-11,Skoda,665,5
2016-11,Audi,645,49
2016-11,Nissan,571,43
2016-11,Mitsubishi,472,36
2016-11,Peugeot,427,32
2016-11,Mazda,420,32
2016-11,Hyundai,400,3
2016-11,Kia,343,26
2016-11,Opel,317,24
2016-11,Subaru,279,21
2016-11,Suzuki,269,2
2016-11,Renault,202,15
2016-11,Tesla,170,13
2016-11,Citroen,161,12
2016-11,Honda,109,08
2016-11,Lexus,89,07
2016-11,MINI,78,06
2016-11,Jaguar,33,03
2016-11,Land Rover,32,02
2016-11,Dacia,31,02
2016-11,Porsche,29,02
2016-11,Jeep,23,02
2016-11,Ssangyong,13,01
2016-11,Fiat,12,01
2016-11,Alfa Romeo,4,0
2016-11,Smart,2,0
2016-11,Nilsson,2,0
2016-11,DS,1,0
2016-12,Volkswagen,2239,165
2016-12,Toyota,1238,91
2016-12,Volvo,1235,91
2016-12,BMW,866,64
2016-12,Audi,827,61
2016-12,Ford,727,53
2016-12,Tesla,688,51
2016-12,Mercedes-Benz,653,48
2016-12,Mazda,541,4
2016-12,Nissan,533,39
2016-12,Skoda,526,39
2016-12,Subaru,508,37
2016-12,Mitsubishi,444,33
2016-12,Hyundai,423,31
2016-12,Opel,372,27
2016-12,Kia,327,24
2016-12,Suzuki,271,2
2016-12,Peugeot,270,2
2016-12,Renault,224,16
2016-12,Citroen,119,09
2016-12,Honda,118,09
2016-12,Lexus,82,06
2016-12,Dacia,80,06
2016-12,MINI,68,05
2016-12,Land Rover,64,05
2016-12,Jeep,39,03
2016-12,Jaguar,38,03
2016-12,Fiat,32,02
2016-12,Porsche,27,02
2016-12,DS,6,0
2016-12,Ssangyong,5,0
2016-12,Maserati,5,0
2016-12,Alfa Romeo,3,0
2016-12,Nilsson,3,0
2016-12,Smart,1,0
2017-01,Volkswagen,1688,129
2017-01,BMW,1540,118
2017-01,Toyota,1526,117
2017-01,Volvo,1158,89
2017-01,Mercedes-Benz,970,74
2017-01,Skoda,681,52
2017-01,Ford,617,47
2017-01,Nissan,615,47
2017-01,Peugeot,571,44
2017-01,Audi,565,43
2017-01,Kia,422,32
2017-01,Tesla,367,28
2017-01,Suzuki,352,27
2017-01,Hyundai,349,27
2017-01,Renault,306,23
2017-01,Mazda,284,22
2017-01,Mitsubishi,216,17
2017-01,Opel,191,15
2017-01,Citroen,163,12
2017-01,Honda,101,08
2017-01,Lexus,98,08
2017-01,Porsche,91,07
2017-01,MINI,65,05
2017-01,Subaru,39,03
2017-01,Jaguar,27,02
2017-01,Land Rover,18,01
2017-01,Dacia,9,01
2017-01,DS,9,01
2017-01,Alfa Romeo,6,0
2017-01,Fiat,3,0
2017-01,Nilsson,3,0
2017-01,Maserati,2,0
2017-01,Ferrari,1,0
2017-01,Smart,1,0
2017-01,Ssangyong,1,0
